# Raman of crystalline silicon, 532 nm excitation. Main peak 520.7 cm-1. Synthetic.
raman_shift_cm-1,intensity
100.0,52.6
100.5,61.3
101.0,9.4
101.5,38.3
102.0,52.2
102.5,56.2
103.0,47.8
103.5,58.0
104.0,43.5
104.5,46.6
105.0,42.1
105.5,27.1
106.0,29.8
106.5,44.6
107.0,33.0
107.5,55.3
108.0,55.5
108.5,61.6
109.0,39.7
109.5,56.6
110.0,29.1
110.5,30.2
111.0,41.0
111.5,43.4
112.0,20.8
112.5,19.2
113.0,44.3
113.5,29.7
114.0,54.5
114.5,44.7
115.0,43.7
115.5,42.5
116.0,50.7
116.5,38.2
117.0,53.0
117.5,33.7
118.0,37.3
118.5,31.8
119.0,47.2
119.5,40.4
120.0,29.7
120.5,64.0
121.0,35.6
121.5,38.6
122.0,44.7
122.5,61.0
123.0,38.2
123.5,48.4
124.0,41.2
124.5,22.4
125.0,49.5
125.5,52.2
126.0,37.1
126.5,39.8
127.0,22.0
127.5,21.7
128.0,35.3
128.5,47.5
129.0,34.4
129.5,43.5
130.0,51.6
130.5,41.1
131.0,46.9
131.5,57.4
132.0,25.0
132.5,48.9
133.0,17.4
133.5,45.2
134.0,42.4
134.5,33.5
135.0,27.1
135.5,39.3
136.0,35.1
136.5,41.2
137.0,29.1
137.5,46.5
138.0,27.6
138.5,36.3
139.0,35.3
139.5,55.2
140.0,22.1
140.5,35.0
141.0,54.2
141.5,32.1
142.0,25.1
142.5,43.4
143.0,36.5
143.5,50.0
144.0,29.0
144.5,42.3
145.0,48.0
145.5,52.4
146.0,26.7
146.5,57.1
147.0,29.2
147.5,21.8
148.0,28.5
148.5,41.9
149.0,36.1
149.5,45.3
150.0,45.9
150.5,43.8
151.0,36.9
151.5,61.8
152.0,13.4
152.5,19.2
153.0,33.9
153.5,24.9
154.0,9.3
154.5,30.5
155.0,31.0
155.5,10.6
156.0,50.3
156.5,55.6
157.0,54.8
157.5,33.9
158.0,41.8
158.5,26.6
159.0,42.5
159.5,31.9
160.0,44.9
160.5,35.9
161.0,52.4
161.5,49.9
162.0,54.9
162.5,20.7
163.0,18.2
163.5,44.9
164.0,33.1
164.5,44.8
165.0,43.6
165.5,42.2
166.0,51.0
166.5,46.7
167.0,45.7
167.5,29.3
168.0,60.7
168.5,41.5
169.0,53.3
169.5,43.9
170.0,55.2
170.5,41.8
171.0,42.6
171.5,41.7
172.0,31.5
172.5,33.1
173.0,38.2
173.5,38.6
174.0,28.2
174.5,68.3
175.0,28.2
175.5,36.3
176.0,69.3
176.5,32.1
177.0,49.2
177.5,47.9
178.0,37.5
178.5,22.9
179.0,21.4
179.5,39.9
180.0,45.0
180.5,14.1
181.0,41.8
181.5,32.2
182.0,50.7
182.5,42.1
183.0,30.4
183.5,34.9
184.0,40.6
184.5,56.2
185.0,76.6
185.5,44.4
186.0,41.6
186.5,48.6
187.0,40.6
187.5,48.5
188.0,45.6
188.5,41.0
189.0,31.5
189.5,43.0
190.0,51.9
190.5,42.0
191.0,59.3
191.5,52.4
192.0,39.6
192.5,62.0
193.0,27.7
193.5,55.3
194.0,63.5
194.5,38.2
195.0,40.0
195.5,52.5
196.0,58.5
196.5,46.6
197.0,44.3
197.5,52.4
198.0,44.5
198.5,26.9
199.0,39.2
199.5,41.3
200.0,23.4
200.5,46.2
201.0,32.5
201.5,50.3
202.0,23.5
202.5,30.5
203.0,23.9
203.5,56.8
204.0,56.7
204.5,59.0
205.0,59.1
205.5,52.3
206.0,52.1
206.5,21.0
207.0,45.4
207.5,35.4
208.0,37.6
208.5,26.7
209.0,57.2
209.5,43.3
210.0,23.6
210.5,47.5
211.0,40.4
211.5,28.7
212.0,37.4
212.5,31.6
213.0,13.2
213.5,22.3
214.0,46.6
214.5,44.5
215.0,43.5
215.5,26.0
216.0,32.9
216.5,40.8
217.0,48.3
217.5,29.9
218.0,27.3
218.5,53.7
219.0,40.8
219.5,35.4
220.0,31.1
220.5,32.1
221.0,59.0
221.5,51.6
222.0,35.0
222.5,25.0
223.0,60.1
223.5,58.8
224.0,54.4
224.5,50.1
225.0,17.4
225.5,24.5
226.0,46.8
226.5,36.6
227.0,43.1
227.5,33.7
228.0,32.1
228.5,46.6
229.0,35.2
229.5,40.0
230.0,43.1
230.5,42.8
231.0,53.9
231.5,56.4
232.0,23.6
232.5,36.8
233.0,32.2
233.5,49.0
234.0,27.2
234.5,49.3
235.0,48.4
235.5,46.9
236.0,28.3
236.5,37.4
237.0,27.0
237.5,44.7
238.0,51.4
238.5,21.7
239.0,30.0
239.5,38.0
240.0,33.6
240.5,57.9
241.0,38.2
241.5,43.0
242.0,26.6
242.5,58.5
243.0,42.0
243.5,49.3
244.0,41.0
244.5,14.5
245.0,20.8
245.5,24.5
246.0,45.6
246.5,33.9
247.0,45.1
247.5,43.4
248.0,43.0
248.5,51.0
249.0,42.2
249.5,20.3
250.0,31.8
250.5,59.9
251.0,27.1
251.5,56.3
252.0,59.8
252.5,32.9
253.0,44.1
253.5,23.2
254.0,49.3
254.5,30.7
255.0,24.3
255.5,35.3
256.0,34.5
256.5,33.0
257.0,42.4
257.5,38.0
258.0,32.0
258.5,51.4
259.0,69.1
259.5,40.8
260.0,31.5
260.5,28.1
261.0,47.1
261.5,36.9
262.0,40.2
262.5,16.1
263.0,26.4
263.5,26.1
264.0,51.3
264.5,36.8
265.0,10.2
265.5,45.8
266.0,53.6
266.5,55.7
267.0,6.4
267.5,41.8
268.0,49.7
268.5,47.3
269.0,37.2
269.5,18.4
270.0,34.8
270.5,36.1
271.0,46.9
271.5,47.7
272.0,37.1
272.5,50.2
273.0,27.3
273.5,31.8
274.0,39.6
274.5,46.9
275.0,36.1
275.5,54.8
276.0,44.9
276.5,28.6
277.0,41.0
277.5,29.3
278.0,28.4
278.5,22.9
279.0,56.8
279.5,50.9
280.0,20.8
280.5,53.4
281.0,51.5
281.5,35.6
282.0,46.1
282.5,66.9
283.0,43.4
283.5,45.1
284.0,53.5
284.5,27.6
285.0,24.8
285.5,23.1
286.0,39.1
286.5,50.5
287.0,29.7
287.5,23.6
288.0,42.6
288.5,35.8
289.0,47.6
289.5,38.8
290.0,38.2
290.5,39.4
291.0,40.9
291.5,28.9
292.0,27.0
292.5,59.6
293.0,77.6
293.5,54.0
294.0,21.0
294.5,40.9
295.0,54.9
295.5,21.2
296.0,34.8
296.5,35.7
297.0,29.6
297.5,30.6
298.0,52.8
298.5,35.2
299.0,37.9
299.5,61.3
300.0,30.5
300.5,17.7
301.0,48.5
301.5,64.9
302.0,43.2
302.5,44.4
303.0,25.2
303.5,29.4
304.0,58.3
304.5,55.8
305.0,47.7
305.5,32.9
306.0,26.3
306.5,28.0
307.0,26.5
307.5,47.9
308.0,31.0
308.5,34.5
309.0,48.7
309.5,48.4
310.0,40.9
310.5,46.0
311.0,40.2
311.5,16.9
312.0,39.2
312.5,35.0
313.0,35.8
313.5,42.9
314.0,33.2
314.5,54.7
315.0,38.0
315.5,42.0
316.0,44.0
316.5,37.9
317.0,47.8
317.5,49.1
318.0,47.6
318.5,31.5
319.0,29.1
319.5,32.6
320.0,39.9
320.5,17.3
321.0,29.6
321.5,25.9
322.0,31.6
322.5,28.6
323.0,49.5
323.5,45.1
324.0,51.2
324.5,27.8
325.0,30.3
325.5,36.1
326.0,59.7
326.5,59.9
327.0,32.3
327.5,47.4
328.0,65.6
328.5,27.5
329.0,37.6
329.5,55.5
330.0,48.6
330.5,27.9
331.0,58.2
331.5,51.7
332.0,48.2
332.5,25.0
333.0,37.9
333.5,55.8
334.0,45.8
334.5,49.6
335.0,36.7
335.5,58.1
336.0,37.1
336.5,51.1
337.0,43.9
337.5,28.4
338.0,57.8
338.5,24.8
339.0,31.1
339.5,41.7
340.0,23.1
340.5,18.3
341.0,38.5
341.5,34.8
342.0,36.6
342.5,45.9
343.0,67.0
343.5,34.9
344.0,69.3
344.5,42.8
345.0,38.7
345.5,7.4
346.0,21.4
346.5,42.9
347.0,46.4
347.5,29.7
348.0,43.3
348.5,50.4
349.0,32.8
349.5,20.1
350.0,27.8
350.5,35.9
351.0,43.0
351.5,48.9
352.0,28.4
352.5,39.9
353.0,36.4
353.5,39.9
354.0,52.8
354.5,55.1
355.0,33.8
355.5,32.2
356.0,31.2
356.5,33.2
357.0,34.6
357.5,37.5
358.0,33.5
358.5,26.7
359.0,25.5
359.5,40.3
360.0,68.9
360.5,46.3
361.0,47.4
361.5,43.8
362.0,37.7
362.5,63.6
363.0,35.8
363.5,27.9
364.0,24.8
364.5,41.8
365.0,27.6
365.5,29.1
366.0,29.2
366.5,23.8
367.0,41.6
367.5,19.4
368.0,67.0
368.5,6.4
369.0,22.9
369.5,40.4
370.0,44.7
370.5,35.6
371.0,43.1
371.5,41.9
372.0,41.3
372.5,46.9
373.0,42.8
373.5,38.7
374.0,38.2
374.5,50.6
375.0,37.8
375.5,46.8
376.0,59.0
376.5,44.7
377.0,54.6
377.5,34.9
378.0,43.4
378.5,46.2
379.0,42.9
379.5,45.9
380.0,57.0
380.5,36.3
381.0,32.0
381.5,44.0
382.0,22.6
382.5,39.9
383.0,54.3
383.5,39.9
384.0,46.6
384.5,44.6
385.0,54.4
385.5,46.1
386.0,42.4
386.5,0.0
387.0,33.7
387.5,48.5
388.0,38.2
388.5,30.9
389.0,50.7
389.5,29.2
390.0,35.7
390.5,47.9
391.0,33.5
391.5,41.7
392.0,39.4
392.5,25.2
393.0,33.2
393.5,35.1
394.0,31.7
394.5,52.5
395.0,39.1
395.5,31.6
396.0,22.6
396.5,35.4
397.0,55.0
397.5,35.5
398.0,48.3
398.5,44.6
399.0,33.0
399.5,27.8
400.0,45.6
400.5,19.0
401.0,46.0
401.5,24.9
402.0,49.5
402.5,34.5
403.0,38.2
403.5,51.9
404.0,27.3
404.5,39.9
405.0,35.5
405.5,45.5
406.0,48.0
406.5,42.8
407.0,41.9
407.5,34.6
408.0,46.7
408.5,36.6
409.0,41.0
409.5,41.7
410.0,23.2
410.5,25.9
411.0,42.1
411.5,39.3
412.0,54.5
412.5,10.4
413.0,42.1
413.5,52.6
414.0,40.7
414.5,48.9
415.0,39.8
415.5,38.9
416.0,50.4
416.5,24.1
417.0,12.8
417.5,45.3
418.0,41.1
418.5,41.0
419.0,43.1
419.5,47.1
420.0,34.1
420.5,45.3
421.0,43.4
421.5,26.0
422.0,37.9
422.5,42.9
423.0,30.3
423.5,52.1
424.0,36.1
424.5,49.3
425.0,57.1
425.5,22.1
426.0,23.9
426.5,46.8
427.0,37.5
427.5,46.0
428.0,60.5
428.5,34.0
429.0,50.1
429.5,36.8
430.0,32.2
430.5,45.5
431.0,43.0
431.5,52.8
432.0,43.6
432.5,50.4
433.0,46.2
433.5,19.6
434.0,35.6
434.5,36.1
435.0,50.6
435.5,27.4
436.0,42.2
436.5,35.1
437.0,18.3
437.5,38.2
438.0,47.6
438.5,35.6
439.0,51.1
439.5,44.6
440.0,43.8
440.5,33.9
441.0,38.1
441.5,45.6
442.0,40.3
442.5,25.3
443.0,38.0
443.5,44.8
444.0,53.5
444.5,50.1
445.0,28.3
445.5,48.4
446.0,20.8
446.5,32.3
447.0,30.3
447.5,58.2
448.0,48.2
448.5,43.6
449.0,32.6
449.5,54.9
450.0,37.1
450.5,45.7
451.0,53.3
451.5,36.5
452.0,46.6
452.5,16.4
453.0,47.0
453.5,19.8
454.0,45.0
454.5,43.6
455.0,45.9
455.5,67.9
456.0,10.3
456.5,45.7
457.0,35.4
457.5,49.2
458.0,43.9
458.5,41.5
459.0,34.2
459.5,31.7
460.0,44.5
460.5,22.1
461.0,53.1
461.5,33.4
462.0,45.8
462.5,26.1
463.0,45.8
463.5,37.5
464.0,49.5
464.5,55.0
465.0,33.8
465.5,41.6
466.0,43.2
466.5,57.8
467.0,24.8
467.5,47.5
468.0,40.1
468.5,25.9
469.0,36.4
469.5,32.3
470.0,53.6
470.5,29.1
471.0,52.6
471.5,34.9
472.0,48.6
472.5,19.9
473.0,31.3
473.5,42.4
474.0,29.5
474.5,21.8
475.0,40.7
475.5,49.8
476.0,40.6
476.5,37.9
477.0,45.3
477.5,35.3
478.0,51.5
478.5,53.7
479.0,25.2
479.5,53.0
480.0,48.6
480.5,43.9
481.0,48.8
481.5,57.6
482.0,63.6
482.5,60.0
483.0,37.7
483.5,56.6
484.0,20.6
484.5,51.4
485.0,49.1
485.5,52.4
486.0,29.9
486.5,58.0
487.0,56.0
487.5,43.2
488.0,23.7
488.5,44.7
489.0,30.6
489.5,22.0
490.0,32.1
490.5,68.8
491.0,22.9
491.5,36.4
492.0,42.7
492.5,51.7
493.0,28.4
493.5,28.5
494.0,50.9
494.5,43.4
495.0,54.9
495.5,26.2
496.0,38.8
496.5,51.2
497.0,41.5
497.5,26.5
498.0,41.4
498.5,17.3
499.0,30.7
499.5,49.2
500.0,50.6
500.5,44.7
501.0,48.1
501.5,21.8
502.0,32.0
502.5,52.3
503.0,67.3
503.5,45.2
504.0,28.8
504.5,28.3
505.0,54.2
505.5,52.9
506.0,25.4
506.5,41.5
507.0,56.4
507.5,56.7
508.0,33.6
508.5,37.7
509.0,45.4
509.5,26.8
510.0,20.4
510.5,31.8
511.0,54.5
511.5,53.5
512.0,47.1
512.5,29.9
513.0,26.5
513.5,51.0
514.0,92.4
514.5,160.7
515.0,242.5
515.5,436.5
516.0,712.4
516.5,1164.3
517.0,1839.3
517.5,2686.8
518.0,3745.9
518.5,4921.9
519.0,6173.7
519.5,7236.9
520.0,8079.6
520.5,8482.2
521.0,8447.6
521.5,7959.6
522.0,7059.2
522.5,5926.7
523.0,4715.1
523.5,3539.3
524.0,2527.9
524.5,1674.4
525.0,1099.4
525.5,663.0
526.0,377.9
526.5,233.3
527.0,139.5
527.5,83.5
528.0,69.1
528.5,31.5
529.0,22.3
529.5,32.9
530.0,52.3
530.5,45.3
531.0,38.9
531.5,31.3
532.0,38.8
532.5,52.9
533.0,32.3
533.5,32.0
534.0,44.3
534.5,46.9
535.0,40.9
535.5,56.5
536.0,41.7
536.5,27.7
537.0,13.0
537.5,53.6
538.0,37.6
538.5,43.5
539.0,45.1
539.5,55.9
540.0,52.3
540.5,51.7
541.0,43.3
541.5,37.3
542.0,43.3
542.5,30.3
543.0,44.5
543.5,53.0
544.0,48.8
544.5,42.0
545.0,29.8
545.5,29.7
546.0,31.5
546.5,35.4
547.0,45.5
547.5,46.1
548.0,47.1
548.5,52.3
549.0,28.5
549.5,37.7
550.0,46.5
550.5,49.7
551.0,32.1
551.5,31.8
552.0,53.9
552.5,48.4
553.0,45.6
553.5,36.8
554.0,28.8
554.5,39.8
555.0,43.9
555.5,46.2
556.0,50.5
556.5,41.5
557.0,55.2
557.5,36.2
558.0,44.2
558.5,41.0
559.0,18.8
559.5,24.6
560.0,33.9
560.5,41.9
561.0,44.1
561.5,55.4
562.0,39.9
562.5,36.2
563.0,43.9
563.5,25.5
564.0,37.7
564.5,28.0
565.0,40.7
565.5,31.6
566.0,34.9
566.5,62.7
567.0,53.1
567.5,69.6
568.0,42.1
568.5,37.7
569.0,30.5
569.5,39.4
570.0,18.9
570.5,40.9
571.0,33.1
571.5,23.8
572.0,18.3
572.5,29.0
573.0,34.9
573.5,39.3
574.0,20.3
574.5,39.1
575.0,43.4
575.5,66.1
576.0,44.1
576.5,50.7
577.0,31.2
577.5,39.8
578.0,31.1
578.5,29.9
579.0,45.7
579.5,37.1
580.0,57.2
580.5,39.5
581.0,44.9
581.5,25.4
582.0,27.9
582.5,47.8
583.0,31.7
583.5,55.1
584.0,30.1
584.5,29.3
585.0,62.9
585.5,19.6
586.0,33.8
586.5,46.1
587.0,47.1
587.5,26.4
588.0,65.6
588.5,34.5
589.0,17.0
589.5,50.8
590.0,34.2
590.5,40.7
591.0,49.1
591.5,29.2
592.0,31.4
592.5,38.7
593.0,50.0
593.5,24.2
594.0,57.2
594.5,44.3
595.0,26.5
595.5,40.5
596.0,46.7
596.5,54.7
597.0,50.3
597.5,53.4
598.0,38.3
598.5,48.7
599.0,8.2
599.5,52.1
600.0,39.5
600.5,59.1
601.0,32.9
601.5,34.3
602.0,40.5
602.5,49.8
603.0,44.0
603.5,52.4
604.0,40.7
604.5,52.6
605.0,73.6
605.5,55.0
606.0,47.5
606.5,22.7
607.0,47.7
607.5,53.1
608.0,38.1
608.5,52.7
609.0,14.0
609.5,32.1
610.0,29.0
610.5,46.6
611.0,30.5
611.5,28.7
612.0,57.8
612.5,22.8
613.0,46.2
613.5,53.3
614.0,36.9
614.5,29.3
615.0,37.9
615.5,33.2
616.0,30.6
616.5,42.8
617.0,39.6
617.5,77.6
618.0,55.7
618.5,42.4
619.0,47.0
619.5,60.4
620.0,54.3
620.5,40.9
621.0,30.9
621.5,61.6
622.0,40.2
622.5,43.2
623.0,56.7
623.5,42.6
624.0,55.9
624.5,36.9
625.0,42.6
625.5,38.0
626.0,65.5
626.5,22.9
627.0,38.0
627.5,29.6
628.0,31.4
628.5,24.7
629.0,30.3
629.5,54.6
630.0,57.4
630.5,32.2
631.0,25.3
631.5,34.2
632.0,59.6
632.5,39.0
633.0,14.3
633.5,50.0
634.0,38.4
634.5,47.2
635.0,44.7
635.5,24.2
636.0,52.1
636.5,47.8
637.0,31.7
637.5,12.5
638.0,25.8
638.5,26.1
639.0,48.0
639.5,32.6
640.0,34.4
640.5,40.1
641.0,34.4
641.5,44.4
642.0,43.5
642.5,51.0
643.0,24.9
643.5,43.9
644.0,36.4
644.5,65.1
645.0,57.3
645.5,34.9
646.0,51.2
646.5,18.7
647.0,27.1
647.5,36.6
648.0,43.0
648.5,26.6
649.0,40.2
649.5,54.8
650.0,20.5
650.5,23.5
651.0,16.8
651.5,53.5
652.0,26.8
652.5,35.1
653.0,29.0
653.5,38.6
654.0,35.6
654.5,41.8
655.0,41.7
655.5,58.8
656.0,28.3
656.5,41.7
657.0,38.6
657.5,28.6
658.0,49.6
658.5,61.4
659.0,26.2
659.5,68.8
660.0,37.6
660.5,38.4
661.0,8.1
661.5,40.1
662.0,37.9
662.5,36.3
663.0,47.3
663.5,37.2
664.0,43.8
664.5,31.5
665.0,25.7
665.5,40.7
666.0,46.4
666.5,47.7
667.0,40.6
667.5,30.5
668.0,39.9
668.5,36.3
669.0,24.3
669.5,43.4
670.0,37.2
670.5,26.2
671.0,35.8
671.5,46.6
672.0,57.4
672.5,17.5
673.0,35.0
673.5,46.0
674.0,53.3
674.5,44.0
675.0,27.2
675.5,33.5
676.0,39.0
676.5,29.9
677.0,26.7
677.5,23.9
678.0,70.1
678.5,39.7
679.0,36.5
679.5,47.7
680.0,40.1
680.5,37.7
681.0,42.2
681.5,30.4
682.0,34.7
682.5,50.6
683.0,47.1
683.5,26.6
684.0,57.7
684.5,35.0
685.0,20.6
685.5,48.3
686.0,47.6
686.5,43.7
687.0,28.1
687.5,54.3
688.0,46.2
688.5,44.2
689.0,42.7
689.5,44.5
690.0,66.7
690.5,34.0
691.0,43.7
691.5,53.7
692.0,49.6
692.5,31.0
693.0,39.0
693.5,35.8
694.0,22.9
694.5,38.0
695.0,51.9
695.5,43.8
696.0,53.7
696.5,45.7
697.0,31.9
697.5,46.8
698.0,19.6
698.5,55.4
699.0,35.7
699.5,60.1
700.0,23.7
700.5,28.5
701.0,34.8
701.5,36.9
702.0,20.9
702.5,24.7
703.0,45.7
703.5,30.1
704.0,50.3
704.5,59.6
705.0,22.1
705.5,35.2
706.0,60.8
706.5,52.9
707.0,23.7
707.5,44.5
708.0,60.0
708.5,14.1
709.0,44.4
709.5,53.0
710.0,34.1
710.5,32.3
711.0,49.1
711.5,20.9
712.0,46.8
712.5,54.9
713.0,41.2
713.5,21.2
714.0,59.2
714.5,39.8
715.0,46.9
715.5,29.5
716.0,39.0
716.5,53.3
717.0,21.8
717.5,24.0
718.0,14.9
718.5,45.3
719.0,45.3
719.5,29.6
720.0,44.0
720.5,40.2
721.0,63.3
721.5,25.4
722.0,42.9
722.5,34.5
723.0,62.0
723.5,45.3
724.0,25.4
724.5,45.1
725.0,37.9
725.5,28.3
726.0,44.6
726.5,41.4
727.0,25.5
727.5,34.2
728.0,53.6
728.5,51.7
729.0,38.1
729.5,35.4
730.0,43.0
730.5,38.3
731.0,25.1
731.5,47.3
732.0,29.9
732.5,57.3
733.0,46.7
733.5,48.4
734.0,35.9
734.5,41.7
735.0,32.6
735.5,34.9
736.0,27.3
736.5,56.9
737.0,26.2
737.5,60.2
738.0,48.8
738.5,28.9
739.0,55.7
739.5,44.9
740.0,30.3
740.5,43.0
741.0,36.0
741.5,30.8
742.0,39.3
742.5,43.3
743.0,36.1
743.5,39.5
744.0,49.5
744.5,38.6
745.0,35.5
745.5,24.5
746.0,39.2
746.5,34.4
747.0,37.4
747.5,49.6
748.0,50.4
748.5,40.5
749.0,33.1
749.5,41.8
750.0,43.9
750.5,43.1
751.0,23.0
751.5,43.9
752.0,28.0
752.5,43.8
753.0,45.0
753.5,42.0
754.0,54.5
754.5,40.2
755.0,43.9
755.5,29.4
756.0,38.8
756.5,37.4
757.0,40.8
757.5,38.0
758.0,11.7
758.5,49.7
759.0,48.3
759.5,15.0
760.0,43.1
760.5,52.2
761.0,48.8
761.5,48.6
762.0,37.9
762.5,33.9
763.0,62.9
763.5,45.3
764.0,59.8
764.5,39.4
765.0,51.3
765.5,50.1
766.0,49.8
766.5,25.7
767.0,68.7
767.5,44.0
768.0,36.4
768.5,43.9
769.0,19.2
769.5,57.0
770.0,35.8
770.5,43.8
771.0,42.7
771.5,19.5
772.0,36.6
772.5,55.6
773.0,31.2
773.5,43.6
774.0,52.8
774.5,59.7
775.0,30.8
775.5,53.2
776.0,48.9
776.5,47.3
777.0,52.5
777.5,49.8
778.0,29.2
778.5,46.7
779.0,33.7
779.5,44.9
780.0,36.0
780.5,58.8
781.0,52.2
781.5,47.0
782.0,33.0
782.5,46.2
783.0,28.0
783.5,30.7
784.0,21.1
784.5,51.6
785.0,35.2
785.5,52.0
786.0,54.6
786.5,53.3
787.0,36.3
787.5,58.5
788.0,55.2
788.5,26.1
789.0,45.6
789.5,31.7
790.0,39.7
790.5,55.6
791.0,45.1
791.5,60.2
792.0,48.7
792.5,50.2
793.0,61.2
793.5,56.1
794.0,50.9
794.5,57.7
795.0,56.0
795.5,25.1
796.0,29.1
796.5,42.6
797.0,54.5
797.5,32.6
798.0,21.5
798.5,40.7
799.0,34.3
799.5,58.9
800.0,13.0
800.5,50.9
801.0,49.0
801.5,9.3
802.0,28.9
802.5,38.0
803.0,45.4
803.5,41.2
804.0,48.3
804.5,43.3
805.0,31.4
805.5,60.9
806.0,44.4
806.5,30.7
807.0,46.8
807.5,39.3
808.0,35.9
808.5,33.3
809.0,23.1
809.5,30.3
810.0,25.7
810.5,17.3
811.0,46.7
811.5,44.4
812.0,38.2
812.5,27.6
813.0,31.5
813.5,59.6
814.0,30.5
814.5,51.0
815.0,45.1
815.5,46.9
816.0,35.3
816.5,38.2
817.0,40.1
817.5,27.9
818.0,57.3
818.5,31.1
819.0,43.0
819.5,62.0
820.0,58.6
820.5,33.8
821.0,47.0
821.5,53.2
822.0,17.5
822.5,65.5
823.0,47.4
823.5,37.6
824.0,40.0
824.5,14.2
825.0,49.5
825.5,60.1
826.0,38.9
826.5,60.4
827.0,49.3
827.5,25.1
828.0,47.8
828.5,16.8
829.0,18.6
829.5,48.9
830.0,47.9
830.5,40.1
831.0,39.9
831.5,22.8
832.0,53.3
832.5,41.0
833.0,38.8
833.5,84.5
834.0,44.7
834.5,41.2
835.0,65.7
835.5,45.2
836.0,36.0
836.5,60.3
837.0,40.2
837.5,32.4
838.0,37.9
838.5,42.4
839.0,53.4
839.5,57.7
840.0,27.9
840.5,57.6
841.0,34.9
841.5,37.0
842.0,11.1
842.5,62.4
843.0,49.8
843.5,40.1
844.0,40.7
844.5,54.6
845.0,43.2
845.5,7.1
846.0,46.3
846.5,42.8
847.0,44.7
847.5,43.8
848.0,53.7
848.5,34.5
849.0,71.3
849.5,45.1
850.0,34.8
850.5,44.8
851.0,23.0
851.5,41.9
852.0,34.9
852.5,32.0
853.0,53.9
853.5,47.6
854.0,32.5
854.5,36.8
855.0,48.4
855.5,72.2
856.0,43.2
856.5,42.9
857.0,50.7
857.5,29.8
858.0,43.9
858.5,54.0
859.0,50.2
859.5,49.7
860.0,31.1
860.5,46.4
861.0,63.4
861.5,78.7
862.0,58.5
862.5,40.3
863.0,41.6
863.5,45.1
864.0,73.3
864.5,31.4
865.0,45.2
865.5,28.0
866.0,43.3
866.5,44.9
867.0,59.8
867.5,58.7
868.0,51.9
868.5,46.2
869.0,44.8
869.5,69.9
870.0,48.9
870.5,37.2
871.0,41.8
871.5,51.6
872.0,41.9
872.5,32.7
873.0,63.4
873.5,43.9
874.0,51.1
874.5,54.1
875.0,50.1
875.5,51.7
876.0,22.8
876.5,54.9
877.0,51.9
877.5,50.2
878.0,54.7
878.5,82.8
879.0,76.5
879.5,65.8
880.0,76.2
880.5,52.7
881.0,57.6
881.5,64.5
882.0,70.2
882.5,69.9
883.0,82.7
883.5,59.4
884.0,77.9
884.5,54.4
885.0,69.3
885.5,51.4
886.0,78.9
886.5,57.9
887.0,80.9
887.5,42.5
888.0,88.2
888.5,66.6
889.0,72.9
889.5,71.6
890.0,48.5
890.5,62.2
891.0,62.6
891.5,69.6
892.0,52.5
892.5,64.3
893.0,73.7
893.5,87.2
894.0,83.0
894.5,60.7
895.0,86.3
895.5,95.9
896.0,86.8
896.5,74.1
897.0,68.2
897.5,74.8
898.0,100.5
898.5,69.5
899.0,52.5
899.5,94.3
900.0,76.3
900.5,84.3
901.0,81.2
901.5,100.3
902.0,83.1
902.5,79.9
903.0,80.0
903.5,111.9
904.0,109.8
904.5,88.2
905.0,87.6
905.5,93.3
906.0,102.5
906.5,86.4
907.0,116.2
907.5,102.0
908.0,67.9
908.5,87.8
909.0,98.0
909.5,131.8
910.0,123.0
910.5,107.2
911.0,91.8
911.5,105.7
912.0,108.0
912.5,103.1
913.0,111.0
913.5,119.0
914.0,105.5
914.5,98.5
915.0,115.0
915.5,95.3
916.0,109.4
916.5,130.2
917.0,119.1
917.5,103.0
918.0,118.0
918.5,116.2
919.0,121.8
919.5,133.6
920.0,116.0
920.5,108.3
921.0,143.2
921.5,114.9
922.0,133.6
922.5,132.2
923.0,124.4
923.5,136.2
924.0,134.4
924.5,133.6
925.0,141.5
925.5,124.8
926.0,145.7
926.5,125.0
927.0,148.1
927.5,153.4
928.0,128.3
928.5,162.8
929.0,132.1
929.5,139.9
930.0,131.4
930.5,138.7
931.0,143.8
931.5,136.3
932.0,156.2
932.5,135.7
933.0,149.8
933.5,133.7
934.0,136.1
934.5,149.2
935.0,152.2
935.5,144.7
936.0,153.8
936.5,156.0
937.0,143.0
937.5,152.1
938.0,141.9
938.5,137.0
939.0,146.1
939.5,151.2
940.0,168.6
940.5,161.1
941.0,156.8
941.5,129.8
942.0,145.2
942.5,162.6
943.0,164.1
943.5,157.4
944.0,143.4
944.5,134.6
945.0,138.2
945.5,160.6
946.0,163.6
946.5,180.7
947.0,151.3
947.5,163.5
948.0,150.3
948.5,157.3
949.0,161.0
949.5,153.6
950.0,177.0
950.5,146.9
951.0,169.6
951.5,157.4
952.0,153.9
952.5,172.3
953.0,152.6
953.5,163.2
954.0,159.4
954.5,167.8
955.0,144.7
955.5,162.2
956.0,164.3
956.5,150.4
957.0,145.8
957.5,145.2
958.0,156.8
958.5,147.5
959.0,162.8
959.5,154.5
960.0,152.4
960.5,154.5
961.0,155.3
961.5,155.3
962.0,160.4
962.5,166.7
963.0,157.5
963.5,157.9
964.0,169.4
964.5,168.8
965.0,150.9
965.5,136.6
966.0,162.9
966.5,138.5
967.0,138.3
967.5,136.9
968.0,141.6
968.5,117.0
969.0,138.1
969.5,156.9
970.0,173.4
970.5,147.6
971.0,150.8
971.5,151.0
972.0,132.6
972.5,127.3
973.0,142.3
973.5,150.5
974.0,137.7
974.5,139.4
975.0,134.0
975.5,131.8
976.0,126.2
976.5,144.5
977.0,140.7
977.5,128.1
978.0,132.0
978.5,135.2
979.0,140.2
979.5,149.1
980.0,145.8
980.5,124.1
981.0,125.9
981.5,118.8
982.0,130.3
982.5,133.1
983.0,99.5
983.5,119.3
984.0,134.1
984.5,98.7
985.0,133.0
985.5,127.2
986.0,106.5
986.5,99.5
987.0,131.2
987.5,104.9
988.0,93.2
988.5,108.1
989.0,89.5
989.5,92.9
990.0,125.0
990.5,97.6
991.0,99.9
991.5,80.7
992.0,89.0
992.5,110.7
993.0,102.1
993.5,108.8
994.0,106.9
994.5,96.9
995.0,88.1
995.5,66.0
996.0,104.3
996.5,91.5
997.0,120.2
997.5,86.7
998.0,86.0
998.5,80.7
999.0,70.9
999.5,84.9
1000.0,87.6
1000.5,85.5
1001.0,78.5
1001.5,71.7
1002.0,93.9
1002.5,91.3
1003.0,70.9
1003.5,62.5
1004.0,69.1
1004.5,68.2
1005.0,87.9
1005.5,64.5
1006.0,78.6
1006.5,61.2
1007.0,71.4
1007.5,103.6
1008.0,63.4
1008.5,75.7
1009.0,64.4
1009.5,83.1
1010.0,72.9
1010.5,68.3
1011.0,84.9
1011.5,76.9
1012.0,74.1
1012.5,51.5
1013.0,54.2
1013.5,81.6
1014.0,49.6
1014.5,82.4
1015.0,81.6
1015.5,59.0
1016.0,50.7
1016.5,45.6
1017.0,69.3
1017.5,65.6
1018.0,49.1
1018.5,45.3
1019.0,63.0
1019.5,49.0
1020.0,55.9
1020.5,37.4
1021.0,60.2
1021.5,56.4
1022.0,48.5
1022.5,39.7
1023.0,52.4
1023.5,57.2
1024.0,57.4
1024.5,53.5
1025.0,42.7
1025.5,59.3
1026.0,64.8
1026.5,43.5
1027.0,35.2
1027.5,67.4
1028.0,52.0
1028.5,26.4
1029.0,58.8
1029.5,50.6
1030.0,39.9
1030.5,48.9
1031.0,34.5
1031.5,36.8
1032.0,27.0
1032.5,60.2
1033.0,39.6
1033.5,48.0
1034.0,49.3
1034.5,13.7
1035.0,46.5
1035.5,30.5
1036.0,58.6
1036.5,29.1
1037.0,53.4
1037.5,62.9
1038.0,46.1
1038.5,55.2
1039.0,59.1
1039.5,44.9
1040.0,39.7
1040.5,25.2
1041.0,64.4
1041.5,54.3
1042.0,49.9
1042.5,21.5
1043.0,55.2
1043.5,37.3
1044.0,43.8
1044.5,45.8
1045.0,55.1
1045.5,37.9
1046.0,33.3
1046.5,48.4
1047.0,44.5
1047.5,34.1
1048.0,66.5
1048.5,54.8
1049.0,22.2
1049.5,14.5
1050.0,18.1
1050.5,35.6
1051.0,46.1
1051.5,61.3
1052.0,42.7
1052.5,32.8
1053.0,42.2
1053.5,41.0
1054.0,29.4
1054.5,42.2
1055.0,18.1
1055.5,36.0
1056.0,45.8
1056.5,37.8
1057.0,46.7
1057.5,53.4
1058.0,47.6
1058.5,48.5
1059.0,48.4
1059.5,38.3
1060.0,52.6
1060.5,43.9
1061.0,29.2
1061.5,52.2
1062.0,40.7
1062.5,3.9
1063.0,61.5
1063.5,41.7
1064.0,32.1
1064.5,50.5
1065.0,46.0
1065.5,44.5
1066.0,62.4
1066.5,55.3
1067.0,38.8
1067.5,33.9
1068.0,27.1
1068.5,47.2
1069.0,43.5
1069.5,55.1
1070.0,44.6
1070.5,50.8
1071.0,58.3
1071.5,36.6
1072.0,31.2
1072.5,42.5
1073.0,27.3
1073.5,40.4
1074.0,39.4
1074.5,59.4
1075.0,38.5
1075.5,56.7
1076.0,37.8
1076.5,41.9
1077.0,36.7
1077.5,41.4
1078.0,35.2
1078.5,29.2
1079.0,27.2
1079.5,52.8
1080.0,44.1
1080.5,61.2
1081.0,59.9
1081.5,30.1
1082.0,64.5
1082.5,36.7
1083.0,23.1
1083.5,28.1
1084.0,35.4
1084.5,13.0
1085.0,47.3
1085.5,37.5
1086.0,49.2
1086.5,45.8
1087.0,44.9
1087.5,50.3
1088.0,47.6
1088.5,25.1
1089.0,60.3
1089.5,36.2
1090.0,42.2
1090.5,50.2
1091.0,33.2
1091.5,35.3
1092.0,20.1
1092.5,49.3
1093.0,49.4
1093.5,36.4
1094.0,31.9
1094.5,9.8
1095.0,46.5
1095.5,29.8
1096.0,34.9
1096.5,36.5
1097.0,36.3
1097.5,42.3
1098.0,47.6
1098.5,42.4
1099.0,27.5
1099.5,39.8
1100.0,39.0
1100.5,29.2
1101.0,37.4
1101.5,50.9
1102.0,49.4
1102.5,46.8
1103.0,48.0
1103.5,18.5
1104.0,43.2
1104.5,58.5
1105.0,37.4
1105.5,37.4
1106.0,32.5
1106.5,44.8
1107.0,40.9
1107.5,29.8
1108.0,42.4
1108.5,41.6
1109.0,45.7
1109.5,46.2
1110.0,32.8
1110.5,46.3
1111.0,41.0
1111.5,40.4
1112.0,36.8
1112.5,42.3
1113.0,34.1
1113.5,28.5
1114.0,54.1
1114.5,26.8
1115.0,44.0
1115.5,49.7
1116.0,43.5
1116.5,37.2
1117.0,38.8
1117.5,23.0
1118.0,44.3
1118.5,29.8
1119.0,39.0
1119.5,30.0
1120.0,50.3
1120.5,35.8
1121.0,39.8
1121.5,56.7
1122.0,29.3
1122.5,37.4
1123.0,14.9
1123.5,36.3
1124.0,34.9
1124.5,32.7
1125.0,47.8
1125.5,57.5
1126.0,49.4
1126.5,48.7
1127.0,52.2
1127.5,33.5
1128.0,31.3
1128.5,43.9
1129.0,60.3
1129.5,33.9
1130.0,23.4
1130.5,41.1
1131.0,52.1
1131.5,48.4
1132.0,45.9
1132.5,39.4
1133.0,49.3
1133.5,36.1
1134.0,54.8
1134.5,56.1
1135.0,50.2
1135.5,64.0
1136.0,68.9
1136.5,31.8
1137.0,38.8
1137.5,30.0
1138.0,21.5
1138.5,28.0
1139.0,38.8
1139.5,46.7
1140.0,45.6
1140.5,11.0
1141.0,39.8
1141.5,27.0
1142.0,47.9
1142.5,30.7
1143.0,51.7
1143.5,60.4
1144.0,62.3
1144.5,38.1
1145.0,43.1
1145.5,36.5
1146.0,40.0
1146.5,60.6
1147.0,19.4
1147.5,33.3
1148.0,41.1
1148.5,34.6
1149.0,27.0
1149.5,52.6
1150.0,39.2
1150.5,34.9
1151.0,24.2
1151.5,38.4
1152.0,50.9
1152.5,38.0
1153.0,53.3
1153.5,36.2
1154.0,30.1
1154.5,40.5
1155.0,29.2
1155.5,22.3
1156.0,46.3
1156.5,51.6
1157.0,59.9
1157.5,17.9
1158.0,51.4
1158.5,47.9
1159.0,42.0
1159.5,45.9
1160.0,48.3
1160.5,46.4
1161.0,47.0
1161.5,37.0
1162.0,60.8
1162.5,40.2
1163.0,53.2
1163.5,35.9
1164.0,39.8
1164.5,38.9
1165.0,43.0
1165.5,56.5
1166.0,22.5
1166.5,54.8
1167.0,32.0
1167.5,65.0
1168.0,29.0
1168.5,42.2
1169.0,47.9
1169.5,21.4
1170.0,40.2
1170.5,41.1
1171.0,44.9
1171.5,38.1
1172.0,28.0
1172.5,18.2
1173.0,33.6
1173.5,35.5
1174.0,35.8
1174.5,50.0
1175.0,41.5
1175.5,20.0
1176.0,30.1
1176.5,53.6
1177.0,48.0
1177.5,42.0
1178.0,36.3
1178.5,53.1
1179.0,31.1
1179.5,32.3
1180.0,53.3
1180.5,18.5
1181.0,53.6
1181.5,34.9
1182.0,45.1
1182.5,35.3
1183.0,18.3
1183.5,44.8
1184.0,32.2
1184.5,39.3
1185.0,45.2
1185.5,42.5
1186.0,42.0
1186.5,48.0
1187.0,23.8
1187.5,65.2
1188.0,22.2
1188.5,38.0
1189.0,40.4
1189.5,34.4
1190.0,49.4
1190.5,34.5
1191.0,41.0
1191.5,72.1
1192.0,35.2
1192.5,68.5
1193.0,23.8
1193.5,47.5
1194.0,43.1
1194.5,48.5
1195.0,12.8
1195.5,15.9
1196.0,48.3
1196.5,50.6
1197.0,48.6
1197.5,34.7
1198.0,46.6
1198.5,45.2
1199.0,33.4
1199.5,63.0
