# Powder XRD of Si, Cu Ka (lambda=1.5406 A). Synthetic.
two_theta_deg,intensity
10.0,26.5
10.02,25.47
10.04,28.57
10.059999999999999,26.43
10.079999999999998,23.87
10.099999999999998,27.46
10.119999999999997,31.23
10.139999999999997,29.8
10.159999999999997,23.2
10.179999999999996,20.96
10.199999999999996,23.53
10.219999999999995,26.19
10.239999999999995,16.72
10.259999999999994,25.15
10.279999999999994,21.04
10.299999999999994,23.1
10.319999999999993,23.85
10.339999999999993,24.77
10.359999999999992,27.68
10.379999999999992,30.21
10.399999999999991,25.53
10.419999999999991,31.51
10.43999999999999,23.38
10.45999999999999,27.45
10.47999999999999,29.66
10.49999999999999,26.43
10.519999999999989,23.08
10.539999999999988,22.37
10.559999999999988,24.23
10.579999999999988,26.94
10.599999999999987,22.02
10.619999999999987,25.23
10.639999999999986,25.43
10.659999999999986,28.23
10.679999999999986,26.93
10.699999999999985,27.49
10.719999999999985,23.46
10.739999999999984,25.56
10.759999999999984,29.21
10.779999999999983,32.05
10.799999999999983,21.04
10.819999999999983,32.14
10.839999999999982,31.47
10.859999999999982,29.21
10.879999999999981,27.15
10.89999999999998,24.83
10.91999999999998,31.92
10.93999999999998,33.94
10.95999999999998,33.3
10.979999999999979,31.36
10.999999999999979,27.53
11.019999999999978,21.27
11.039999999999978,26.09
11.059999999999977,28.73
11.079999999999977,20.95
11.099999999999977,27.69
11.119999999999976,27.83
11.139999999999976,28.9
11.159999999999975,21.38
11.179999999999975,23.47
11.199999999999974,24.37
11.219999999999974,21.44
11.239999999999974,33.08
11.259999999999973,24.14
11.279999999999973,27.44
11.299999999999972,25.1
11.319999999999972,32.47
11.339999999999971,31.42
11.359999999999971,28.67
11.37999999999997,17.32
11.39999999999997,26.35
11.41999999999997,28.88
11.43999999999997,30.16
11.459999999999969,23.67
11.479999999999968,33.44
11.499999999999968,20.87
11.519999999999968,23.51
11.539999999999967,29.89
11.559999999999967,26.35
11.579999999999966,34.17
11.599999999999966,26.91
11.619999999999965,23.63
11.639999999999965,24.65
11.659999999999965,21.8
11.679999999999964,21.06
11.699999999999964,28.69
11.719999999999963,28.5
11.739999999999963,31.35
11.759999999999962,23.16
11.779999999999962,32.93
11.799999999999962,25.03
11.819999999999961,32.48
11.83999999999996,24.45
11.85999999999996,23.24
11.87999999999996,27.19
11.89999999999996,30.32
11.919999999999959,26.84
11.939999999999959,23.85
11.959999999999958,20.83
11.979999999999958,20.59
11.999999999999957,28.21
12.019999999999957,30.16
12.039999999999957,25.55
12.059999999999956,21.91
12.079999999999956,29.7
12.099999999999955,21.09
12.119999999999955,23.36
12.139999999999954,28.7
12.159999999999954,17.22
12.179999999999954,27.76
12.199999999999953,23.89
12.219999999999953,26.66
12.239999999999952,25.92
12.259999999999952,27.03
12.279999999999951,29.0
12.299999999999951,23.2
12.31999999999995,31.92
12.33999999999995,29.14
12.35999999999995,29.61
12.37999999999995,30.9
12.399999999999949,29.39
12.419999999999948,29.62
12.439999999999948,26.55
12.459999999999948,20.54
12.479999999999947,25.71
12.499999999999947,23.17
12.519999999999946,20.56
12.539999999999946,27.29
12.559999999999945,23.98
12.579999999999945,22.14
12.599999999999945,22.09
12.619999999999944,27.34
12.639999999999944,27.7
12.659999999999943,31.56
12.679999999999943,26.21
12.699999999999942,30.44
12.719999999999942,31.88
12.739999999999942,30.87
12.759999999999941,16.81
12.77999999999994,31.19
12.79999999999994,27.64
12.81999999999994,27.98
12.83999999999994,27.77
12.859999999999939,27.82
12.879999999999939,27.57
12.899999999999938,24.85
12.919999999999938,18.69
12.939999999999937,25.86
12.959999999999937,23.08
12.979999999999936,30.62
12.999999999999936,25.14
13.019999999999936,26.64
13.039999999999935,22.91
13.059999999999935,24.26
13.079999999999934,26.26
13.099999999999934,20.37
13.119999999999933,27.51
13.139999999999933,25.89
13.159999999999933,21.57
13.179999999999932,16.73
13.199999999999932,28.37
13.219999999999931,25.13
13.239999999999931,24.2
13.25999999999993,25.38
13.27999999999993,33.59
13.29999999999993,26.13
13.31999999999993,26.68
13.339999999999929,20.39
13.359999999999928,32.93
13.379999999999928,30.01
13.399999999999928,30.61
13.419999999999927,26.53
13.439999999999927,30.01
13.459999999999926,27.83
13.479999999999926,28.8
13.499999999999925,25.74
13.519999999999925,20.46
13.539999999999925,30.47
13.559999999999924,18.62
13.579999999999924,25.4
13.599999999999923,25.54
13.619999999999923,22.19
13.639999999999922,28.82
13.659999999999922,25.56
13.679999999999922,24.62
13.699999999999921,28.45
13.71999999999992,24.47
13.73999999999992,31.93
13.75999999999992,27.78
13.77999999999992,24.48
13.799999999999919,18.6
13.819999999999919,21.15
13.839999999999918,30.73
13.859999999999918,26.18
13.879999999999917,25.26
13.899999999999917,32.96
13.919999999999916,21.26
13.939999999999916,24.05
13.959999999999916,24.51
13.979999999999915,28.74
13.999999999999915,23.75
14.019999999999914,23.95
14.039999999999914,19.98
14.059999999999913,29.32
14.079999999999913,29.63
14.099999999999913,24.5
14.119999999999912,27.07
14.139999999999912,21.24
14.159999999999911,24.53
14.179999999999911,31.93
14.19999999999991,26.96
14.21999999999991,35.66
14.23999999999991,23.28
14.25999999999991,28.75
14.279999999999909,25.65
14.299999999999908,28.69
14.319999999999908,26.4
14.339999999999907,24.19
14.359999999999907,22.97
14.379999999999907,38.7
14.399999999999906,26.13
14.419999999999906,18.38
14.439999999999905,23.85
14.459999999999905,29.16
14.479999999999905,24.45
14.499999999999904,31.89
14.519999999999904,30.46
14.539999999999903,25.84
14.559999999999903,24.57
14.579999999999902,22.44
14.599999999999902,23.66
14.619999999999902,20.57
14.639999999999901,31.28
14.6599999999999,32.83
14.6799999999999,21.44
14.6999999999999,21.74
14.7199999999999,19.4
14.739999999999899,22.62
14.759999999999899,14.05
14.779999999999898,21.91
14.799999999999898,31.67
14.819999999999897,25.1
14.839999999999897,29.9
14.859999999999896,24.53
14.879999999999896,33.53
14.899999999999896,27.29
14.919999999999895,24.96
14.939999999999895,36.7
14.959999999999894,25.2
14.979999999999894,21.61
14.999999999999893,27.31
15.019999999999893,26.35
15.039999999999893,30.77
15.059999999999892,22.82
15.079999999999892,29.73
15.099999999999891,29.92
15.11999999999989,23.84
15.13999999999989,27.17
15.15999999999989,23.19
15.17999999999989,35.9
15.19999999999989,23.7
15.219999999999889,24.71
15.239999999999888,22.26
15.259999999999888,25.14
15.279999999999887,26.5
15.299999999999887,29.6
15.319999999999887,24.09
15.339999999999886,25.79
15.359999999999886,20.87
15.379999999999885,23.23
15.399999999999885,37.56
15.419999999999884,30.71
15.439999999999884,23.42
15.459999999999884,21.2
15.479999999999883,22.65
15.499999999999883,26.46
15.519999999999882,26.69
15.539999999999882,23.58
15.559999999999881,21.41
15.579999999999881,32.25
15.59999999999988,28.37
15.61999999999988,25.06
15.63999999999988,25.68
15.65999999999988,24.45
15.679999999999879,14.82
15.699999999999878,27.03
15.719999999999878,22.29
15.739999999999878,22.56
15.759999999999877,24.01
15.779999999999877,29.51
15.799999999999876,21.9
15.819999999999876,20.84
15.839999999999876,29.14
15.859999999999875,29.6
15.879999999999875,22.75
15.899999999999874,28.84
15.919999999999874,25.43
15.939999999999873,27.8
15.959999999999873,21.55
15.979999999999873,29.93
15.999999999999872,31.41
16.01999999999987,29.15
16.03999999999987,28.84
16.05999999999987,11.52
16.07999999999987,27.65
16.09999999999987,26.51
16.11999999999987,26.02
16.13999999999987,24.09
16.15999999999987,26.84
16.17999999999987,28.27
16.199999999999868,25.56
16.219999999999867,24.77
16.239999999999867,31.54
16.259999999999867,22.2
16.279999999999866,30.75
16.299999999999866,27.34
16.319999999999865,23.41
16.339999999999865,25.47
16.359999999999864,22.96
16.379999999999864,29.34
16.399999999999864,28.03
16.419999999999863,24.41
16.439999999999863,22.24
16.459999999999862,27.85
16.479999999999862,30.48
16.49999999999986,26.19
16.51999999999986,28.33
16.53999999999986,25.15
16.55999999999986,26.93
16.57999999999986,25.49
16.59999999999986,27.84
16.61999999999986,20.62
16.63999999999986,29.24
16.659999999999858,25.75
16.679999999999858,28.1
16.699999999999857,25.31
16.719999999999857,27.95
16.739999999999856,22.38
16.759999999999856,31.43
16.779999999999855,19.86
16.799999999999855,22.52
16.819999999999855,27.62
16.839999999999854,32.54
16.859999999999854,27.8
16.879999999999853,25.7
16.899999999999853,20.99
16.919999999999852,25.93
16.939999999999852,26.61
16.95999999999985,33.46
16.97999999999985,29.19
16.99999999999985,20.58
17.01999999999985,34.81
17.03999999999985,25.12
17.05999999999985,23.19
17.07999999999985,32.61
17.09999999999985,26.51
17.11999999999985,25.24
17.139999999999848,27.59
17.159999999999847,30.1
17.179999999999847,30.69
17.199999999999847,21.22
17.219999999999846,34.72
17.239999999999846,30.51
17.259999999999845,25.21
17.279999999999845,23.45
17.299999999999844,22.85
17.319999999999844,27.23
17.339999999999844,24.14
17.359999999999843,23.68
17.379999999999843,29.98
17.399999999999842,28.2
17.419999999999842,25.16
17.43999999999984,29.68
17.45999999999984,32.22
17.47999999999984,22.37
17.49999999999984,24.34
17.51999999999984,30.52
17.53999999999984,29.63
17.55999999999984,27.66
17.57999999999984,31.41
17.599999999999838,22.41
17.619999999999838,20.85
17.639999999999837,23.3
17.659999999999837,27.26
17.679999999999836,23.58
17.699999999999836,24.82
17.719999999999835,22.87
17.739999999999835,24.29
17.759999999999835,22.76
17.779999999999834,28.25
17.799999999999834,29.96
17.819999999999833,24.86
17.839999999999833,25.95
17.859999999999832,24.46
17.879999999999832,28.91
17.89999999999983,27.15
17.91999999999983,33.17
17.93999999999983,22.41
17.95999999999983,28.25
17.97999999999983,28.57
17.99999999999983,25.36
18.01999999999983,29.14
18.03999999999983,21.05
18.059999999999828,35.28
18.079999999999828,21.44
18.099999999999827,30.49
18.119999999999827,22.33
18.139999999999826,31.42
18.159999999999826,25.28
18.179999999999826,27.45
18.199999999999825,27.03
18.219999999999825,31.22
18.239999999999824,25.54
18.259999999999824,14.96
18.279999999999824,23.79
18.299999999999823,27.56
18.319999999999823,25.07
18.339999999999822,29.91
18.359999999999822,30.9
18.37999999999982,26.25
18.39999999999982,20.88
18.41999999999982,32.38
18.43999999999982,31.18
18.45999999999982,25.65
18.47999999999982,35.28
18.49999999999982,25.45
18.51999999999982,22.3
18.539999999999818,26.23
18.559999999999818,31.17
18.579999999999817,23.11
18.599999999999817,34.66
18.619999999999816,23.28
18.639999999999816,30.68
18.659999999999815,29.04
18.679999999999815,26.25
18.699999999999815,31.19
18.719999999999814,20.87
18.739999999999814,32.3
18.759999999999813,26.62
18.779999999999813,24.71
18.799999999999812,29.88
18.819999999999812,31.12
18.83999999999981,29.96
18.85999999999981,34.88
18.87999999999981,31.21
18.89999999999981,32.02
18.91999999999981,24.73
18.93999999999981,27.32
18.95999999999981,29.15
18.97999999999981,26.83
18.999999999999808,28.11
19.019999999999808,28.61
19.039999999999807,30.28
19.059999999999807,26.5
19.079999999999806,25.51
19.099999999999806,23.6
19.119999999999806,23.35
19.139999999999805,31.6
19.159999999999805,26.58
19.179999999999804,30.07
19.199999999999804,21.73
19.219999999999803,19.17
19.239999999999803,22.73
19.259999999999803,31.51
19.279999999999802,31.2
19.2999999999998,28.26
19.3199999999998,23.72
19.3399999999998,26.41
19.3599999999998,25.74
19.3799999999998,25.56
19.3999999999998,16.92
19.4199999999998,23.51
19.4399999999998,26.18
19.4599999999998,33.01
19.479999999999798,27.59
19.499999999999797,32.55
19.519999999999797,25.38
19.539999999999797,25.94
19.559999999999796,11.36
19.579999999999796,28.81
19.599999999999795,29.15
19.619999999999795,34.02
19.639999999999795,25.02
19.659999999999794,27.34
19.679999999999794,24.15
19.699999999999793,22.26
19.719999999999793,24.12
19.739999999999792,25.59
19.759999999999792,32.4
19.77999999999979,26.99
19.79999999999979,23.82
19.81999999999979,27.55
19.83999999999979,27.85
19.85999999999979,24.28
19.87999999999979,31.56
19.89999999999979,19.44
19.91999999999979,26.14
19.939999999999788,29.65
19.959999999999788,21.64
19.979999999999787,28.44
19.999999999999787,32.17
20.019999999999786,28.82
20.039999999999786,20.24
20.059999999999786,24.09
20.079999999999785,31.94
20.099999999999785,28.2
20.119999999999784,26.97
20.139999999999784,28.78
20.159999999999783,29.9
20.179999999999783,24.18
20.199999999999783,25.86
20.219999999999782,27.59
20.23999999999978,24.85
20.25999999999978,26.49
20.27999999999978,32.22
20.29999999999978,23.16
20.31999999999978,34.74
20.33999999999978,34.55
20.35999999999978,20.18
20.37999999999978,26.47
20.39999999999978,28.41
20.419999999999778,24.0
20.439999999999777,24.08
20.459999999999777,26.1
20.479999999999777,30.0
20.499999999999776,25.0
20.519999999999776,34.36
20.539999999999775,28.21
20.559999999999775,26.65
20.579999999999774,32.86
20.599999999999774,29.57
20.619999999999774,28.54
20.639999999999773,25.74
20.659999999999773,34.32
20.679999999999772,30.32
20.699999999999772,26.26
20.71999999999977,20.76
20.73999999999977,28.57
20.75999999999977,22.5
20.77999999999977,20.21
20.79999999999977,25.96
20.81999999999977,28.21
20.83999999999977,32.21
20.85999999999977,28.22
20.879999999999768,30.31
20.899999999999768,22.19
20.919999999999767,27.0
20.939999999999767,27.59
20.959999999999766,30.54
20.979999999999766,27.56
20.999999999999766,30.32
21.019999999999765,25.09
21.039999999999765,28.54
21.059999999999764,28.77
21.079999999999764,22.11
21.099999999999763,27.81
21.119999999999763,25.83
21.139999999999763,19.5
21.159999999999762,30.95
21.17999999999976,25.67
21.19999999999976,23.71
21.21999999999976,25.61
21.23999999999976,27.68
21.25999999999976,33.16
21.27999999999976,26.46
21.29999999999976,29.02
21.31999999999976,32.63
21.33999999999976,29.27
21.359999999999758,31.41
21.379999999999757,25.23
21.399999999999757,30.22
21.419999999999757,26.91
21.439999999999756,31.44
21.459999999999756,23.13
21.479999999999755,24.03
21.499999999999755,32.22
21.519999999999754,26.37
21.539999999999754,25.72
21.559999999999754,27.47
21.579999999999753,24.4
21.599999999999753,32.49
21.619999999999752,22.17
21.639999999999752,26.56
21.65999999999975,28.55
21.67999999999975,26.75
21.69999999999975,23.96
21.71999999999975,23.7
21.73999999999975,28.88
21.75999999999975,23.05
21.77999999999975,29.76
21.79999999999975,21.08
21.819999999999748,24.96
21.839999999999748,27.33
21.859999999999747,22.18
21.879999999999747,29.8
21.899999999999746,27.12
21.919999999999746,23.05
21.939999999999745,21.12
21.959999999999745,20.93
21.979999999999745,27.4
21.999999999999744,22.57
22.019999999999744,21.74
22.039999999999743,26.28
22.059999999999743,36.32
22.079999999999742,28.32
22.099999999999742,30.26
22.11999999999974,28.06
22.13999999999974,30.35
22.15999999999974,21.84
22.17999999999974,25.5
22.19999999999974,28.27
22.21999999999974,27.15
22.23999999999974,26.46
22.25999999999974,24.56
22.27999999999974,26.19
22.299999999999738,24.13
22.319999999999737,17.54
22.339999999999737,22.46
22.359999999999737,29.14
22.379999999999736,33.47
22.399999999999736,34.49
22.419999999999735,27.63
22.439999999999735,30.82
22.459999999999734,30.88
22.479999999999734,24.48
22.499999999999734,20.46
22.519999999999733,27.38
22.539999999999733,20.21
22.559999999999732,25.98
22.579999999999732,29.69
22.59999999999973,21.58
22.61999999999973,27.39
22.63999999999973,32.22
22.65999999999973,28.71
22.67999999999973,29.36
22.69999999999973,30.9
22.71999999999973,34.2
22.73999999999973,27.88
22.759999999999728,32.19
22.779999999999728,27.02
22.799999999999727,25.1
22.819999999999727,28.54
22.839999999999726,24.86
22.859999999999726,24.99
22.879999999999725,24.86
22.899999999999725,18.11
22.919999999999725,27.71
22.939999999999724,22.24
22.959999999999724,26.87
22.979999999999723,33.1
22.999999999999723,25.22
23.019999999999722,25.13
23.039999999999722,32.76
23.05999999999972,29.49
23.07999999999972,31.21
23.09999999999972,25.89
23.11999999999972,30.3
23.13999999999972,24.57
23.15999999999972,24.61
23.17999999999972,29.7
23.19999999999972,24.93
23.219999999999718,30.39
23.239999999999718,36.89
23.259999999999717,20.58
23.279999999999717,24.32
23.299999999999716,31.81
23.319999999999716,26.75
23.339999999999716,31.98
23.359999999999715,23.3
23.379999999999715,28.66
23.399999999999714,26.74
23.419999999999714,27.9
23.439999999999714,28.67
23.459999999999713,22.47
23.479999999999713,23.05
23.499999999999712,32.95
23.519999999999712,28.52
23.53999999999971,27.78
23.55999999999971,27.18
23.57999999999971,28.78
23.59999999999971,22.74
23.61999999999971,23.37
23.63999999999971,32.58
23.65999999999971,27.97
23.67999999999971,30.77
23.699999999999708,24.95
23.719999999999708,32.88
23.739999999999707,28.76
23.759999999999707,29.3
23.779999999999706,29.57
23.799999999999706,24.19
23.819999999999705,19.92
23.839999999999705,23.08
23.859999999999705,33.91
23.879999999999704,32.59
23.899999999999704,26.0
23.919999999999703,26.19
23.939999999999703,31.54
23.959999999999702,26.72
23.979999999999702,22.2
23.9999999999997,32.46
24.0199999999997,29.31
24.0399999999997,17.34
24.0599999999997,26.15
24.0799999999997,27.98
24.0999999999997,29.33
24.1199999999997,28.02
24.1399999999997,24.87
24.159999999999698,26.95
24.179999999999698,28.6
24.199999999999697,26.35
24.219999999999697,25.93
24.239999999999696,32.43
24.259999999999696,23.64
24.279999999999696,26.03
24.299999999999695,19.3
24.319999999999695,29.6
24.339999999999694,30.75
24.359999999999694,29.63
24.379999999999693,31.11
24.399999999999693,29.2
24.419999999999693,28.81
24.439999999999692,29.34
24.45999999999969,26.38
24.47999999999969,32.2
24.49999999999969,26.06
24.51999999999969,21.6
24.53999999999969,30.85
24.55999999999969,34.86
24.57999999999969,23.62
24.59999999999969,27.05
24.61999999999969,24.72
24.639999999999688,25.94
24.659999999999688,27.65
24.679999999999687,22.5
24.699999999999687,26.36
24.719999999999686,21.61
24.739999999999686,25.2
24.759999999999685,22.73
24.779999999999685,23.24
24.799999999999685,20.6
24.819999999999684,32.36
24.839999999999684,29.52
24.859999999999683,19.82
24.879999999999683,25.1
24.899999999999682,24.81
24.919999999999682,24.73
24.93999999999968,21.71
24.95999999999968,30.51
24.97999999999968,25.91
24.99999999999968,29.37
25.01999999999968,29.61
25.03999999999968,33.01
25.05999999999968,20.25
25.07999999999968,34.46
25.099999999999678,32.59
25.119999999999678,29.8
25.139999999999677,37.05
25.159999999999677,28.34
25.179999999999676,30.8
25.199999999999676,24.57
25.219999999999676,32.06
25.239999999999675,28.2
25.259999999999675,25.72
25.279999999999674,36.0
25.299999999999674,26.31
25.319999999999673,27.57
25.339999999999673,26.74
25.359999999999673,24.51
25.379999999999672,29.66
25.39999999999967,30.49
25.41999999999967,28.96
25.43999999999967,18.1
25.45999999999967,31.58
25.47999999999967,26.15
25.49999999999967,22.68
25.51999999999967,29.97
25.53999999999967,29.81
25.55999999999967,23.38
25.579999999999668,37.45
25.599999999999667,22.72
25.619999999999667,20.63
25.639999999999667,22.95
25.659999999999666,33.25
25.679999999999666,26.86
25.699999999999665,26.08
25.719999999999665,27.32
25.739999999999664,25.19
25.759999999999664,24.81
25.779999999999664,25.01
25.799999999999663,30.41
25.819999999999663,31.66
25.839999999999662,23.36
25.859999999999662,28.54
25.87999999999966,30.74
25.89999999999966,23.26
25.91999999999966,25.58
25.93999999999966,23.44
25.95999999999966,22.43
25.97999999999966,28.01
25.99999999999966,24.66
26.01999999999966,30.13
26.039999999999658,27.49
26.059999999999658,29.26
26.079999999999657,26.44
26.099999999999657,25.07
26.119999999999656,27.25
26.139999999999656,27.59
26.159999999999656,24.79
26.179999999999655,29.32
26.199999999999655,30.61
26.219999999999654,28.25
26.239999999999654,34.48
26.259999999999653,25.1
26.279999999999653,29.71
26.299999999999653,26.0
26.319999999999652,28.57
26.33999999999965,24.31
26.35999999999965,32.1
26.37999999999965,28.34
26.39999999999965,32.41
26.41999999999965,22.58
26.43999999999965,25.67
26.45999999999965,24.08
26.47999999999965,25.52
26.49999999999965,24.88
26.519999999999648,27.17
26.539999999999647,27.59
26.559999999999647,27.49
26.579999999999647,25.44
26.599999999999646,28.41
26.619999999999646,31.16
26.639999999999645,24.05
26.659999999999645,27.67
26.679999999999644,27.37
26.699999999999644,29.54
26.719999999999644,27.42
26.739999999999643,27.61
26.759999999999643,23.71
26.779999999999642,27.76
26.799999999999642,23.99
26.81999999999964,29.74
26.83999999999964,27.27
26.85999999999964,27.85
26.87999999999964,24.12
26.89999999999964,30.91
26.91999999999964,30.46
26.93999999999964,31.14
26.95999999999964,36.61
26.979999999999638,27.49
26.999999999999638,32.51
27.019999999999637,27.21
27.039999999999637,29.28
27.059999999999636,29.17
27.079999999999636,28.77
27.099999999999635,30.34
27.119999999999635,26.5
27.139999999999635,27.88
27.159999999999634,29.86
27.179999999999634,34.71
27.199999999999633,24.35
27.219999999999633,20.5
27.239999999999633,25.79
27.259999999999632,28.09
27.27999999999963,28.43
27.29999999999963,28.1
27.31999999999963,32.46
27.33999999999963,31.64
27.35999999999963,27.54
27.37999999999963,25.86
27.39999999999963,26.36
27.41999999999963,26.32
27.43999999999963,26.84
27.459999999999628,21.46
27.479999999999627,25.9
27.499999999999627,26.05
27.519999999999627,27.0
27.539999999999626,26.74
27.559999999999626,30.44
27.579999999999625,25.63
27.599999999999625,26.01
27.619999999999624,29.93
27.639999999999624,26.82
27.659999999999624,28.63
27.679999999999623,30.45
27.699999999999623,29.46
27.719999999999622,28.77
27.739999999999622,26.99
27.75999999999962,30.5
27.77999999999962,28.48
27.79999999999962,25.76
27.81999999999962,27.18
27.83999999999962,22.91
27.85999999999962,23.94
27.87999999999962,20.26
27.89999999999962,25.07
27.919999999999618,33.13
27.939999999999618,25.57
27.959999999999617,30.95
27.979999999999617,27.78
27.999999999999616,25.0
28.019999999999616,33.16
28.039999999999615,30.13
28.059999999999615,20.8
28.079999999999615,31.97
28.099999999999614,23.51
28.119999999999614,27.1
28.139999999999613,30.49
28.159999999999613,26.62
28.179999999999612,32.3
28.199999999999612,30.88
28.21999999999961,21.6
28.23999999999961,26.39
28.25999999999961,30.91
28.27999999999961,32.76
28.29999999999961,49.92
28.31999999999961,93.5
28.33999999999961,174.87
28.35999999999961,315.73
28.379999999999608,528.48
28.399999999999608,760.22
28.419999999999607,948.85
28.439999999999607,1023.32
28.459999999999607,954.86
28.479999999999606,762.57
28.499999999999606,527.82
28.519999999999605,314.84
28.539999999999605,172.89
28.559999999999604,86.18
28.579999999999604,47.1
28.599999999999604,34.43
28.619999999999603,24.28
28.639999999999603,30.99
28.659999999999602,37.9
28.679999999999602,29.72
28.6999999999996,23.7
28.7199999999996,26.79
28.7399999999996,21.65
28.7599999999996,26.37
28.7799999999996,29.91
28.7999999999996,30.24
28.8199999999996,23.76
28.8399999999996,29.08
28.859999999999598,32.51
28.879999999999598,34.91
28.899999999999597,25.09
28.919999999999597,24.44
28.939999999999596,28.11
28.959999999999596,16.18
28.979999999999595,25.77
28.999999999999595,26.82
29.019999999999595,26.06
29.039999999999594,21.57
29.059999999999594,26.92
29.079999999999593,24.8
29.099999999999593,30.94
29.119999999999592,24.24
29.139999999999592,26.78
29.15999999999959,26.98
29.17999999999959,30.19
29.19999999999959,17.74
29.21999999999959,26.56
29.23999999999959,30.96
29.25999999999959,26.48
29.27999999999959,21.82
29.29999999999959,29.24
29.319999999999588,29.28
29.339999999999588,26.85
29.359999999999587,23.3
29.379999999999587,24.98
29.399999999999586,26.68
29.419999999999586,24.44
29.439999999999586,20.26
29.459999999999585,24.87
29.479999999999585,27.7
29.499999999999584,25.92
29.519999999999584,27.65
29.539999999999583,28.29
29.559999999999583,31.54
29.579999999999583,36.77
29.599999999999582,30.89
29.61999999999958,22.34
29.63999999999958,17.34
29.65999999999958,27.59
29.67999999999958,28.25
29.69999999999958,23.32
29.71999999999958,29.06
29.73999999999958,24.91
29.75999999999958,29.59
29.77999999999958,26.68
29.799999999999578,29.57
29.819999999999578,21.01
29.839999999999577,26.23
29.859999999999577,27.39
29.879999999999576,22.29
29.899999999999576,35.52
29.919999999999575,25.83
29.939999999999575,33.55
29.959999999999575,25.34
29.979999999999574,27.08
29.999999999999574,32.74
30.019999999999573,29.22
30.039999999999573,28.77
30.059999999999572,29.07
30.079999999999572,22.54
30.09999999999957,26.45
30.11999999999957,24.19
30.13999999999957,28.8
30.15999999999957,25.84
30.17999999999957,27.84
30.19999999999957,27.71
30.21999999999957,27.88
30.23999999999957,27.89
30.259999999999568,25.42
30.279999999999568,23.81
30.299999999999567,25.37
30.319999999999567,32.32
30.339999999999566,29.53
30.359999999999566,30.38
30.379999999999566,33.56
30.399999999999565,23.32
30.419999999999565,30.08
30.439999999999564,23.74
30.459999999999564,26.71
30.479999999999563,29.98
30.499999999999563,34.51
30.519999999999563,24.92
30.539999999999562,27.67
30.55999999999956,32.68
30.57999999999956,22.1
30.59999999999956,29.51
30.61999999999956,26.83
30.63999999999956,24.54
30.65999999999956,28.65
30.67999999999956,30.45
30.69999999999956,24.42
30.71999999999956,29.59
30.739999999999558,28.77
30.759999999999557,23.11
30.779999999999557,34.29
30.799999999999557,32.44
30.819999999999556,24.64
30.839999999999556,25.74
30.859999999999555,31.17
30.879999999999555,26.11
30.899999999999554,20.73
30.919999999999554,32.29
30.939999999999554,28.13
30.959999999999553,35.72
30.979999999999553,29.53
30.999999999999552,28.86
31.019999999999552,39.6
31.03999999999955,27.42
31.05999999999955,24.3
31.07999999999955,29.02
31.09999999999955,32.65
31.11999999999955,23.45
31.13999999999955,24.48
31.15999999999955,29.92
31.17999999999955,15.33
31.199999999999548,23.75
31.219999999999548,31.3
31.239999999999547,25.78
31.259999999999547,21.62
31.279999999999546,35.83
31.299999999999546,22.49
31.319999999999546,26.04
31.339999999999545,26.64
31.359999999999545,28.47
31.379999999999544,26.66
31.399999999999544,27.82
31.419999999999543,28.37
31.439999999999543,27.8
31.459999999999543,28.52
31.479999999999542,18.63
31.49999999999954,29.91
31.51999999999954,22.53
31.53999999999954,19.49
31.55999999999954,33.68
31.57999999999954,23.02
31.59999999999954,28.88
31.61999999999954,25.07
31.63999999999954,25.45
31.65999999999954,30.1
31.679999999999538,23.98
31.699999999999537,29.66
31.719999999999537,29.69
31.739999999999537,32.83
31.759999999999536,26.83
31.779999999999536,32.36
31.799999999999535,35.06
31.819999999999535,34.53
31.839999999999534,30.53
31.859999999999534,29.98
31.879999999999534,39.59
31.899999999999533,37.12
31.919999999999533,25.13
31.939999999999532,31.89
31.959999999999532,30.6
31.97999999999953,28.49
31.99999999999953,28.81
32.01999999999953,30.15
32.03999999999953,31.95
32.05999999999953,29.08
32.07999999999953,29.57
32.099999999999525,33.78
32.11999999999953,29.48
32.13999999999953,30.39
32.15999999999953,32.18
32.179999999999524,34.75
32.19999999999953,33.13
32.21999999999953,29.73
32.239999999999526,29.06
32.25999999999952,23.33
32.279999999999525,29.4
32.29999999999953,24.08
32.319999999999524,24.14
32.33999999999952,30.84
32.35999999999952,27.83
32.37999999999953,30.13
32.39999999999952,25.73
32.41999999999952,33.05
32.43999999999952,28.82
32.459999999999525,33.0
32.47999999999952,30.94
32.49999999999952,28.91
32.51999999999952,26.34
32.53999999999952,28.38
32.55999999999952,31.57
32.579999999999515,31.05
32.59999999999952,23.48
32.61999999999952,32.36
32.63999999999952,27.41
32.65999999999951,31.53
32.67999999999952,25.48
32.69999999999952,30.82
32.719999999999516,25.09
32.73999999999951,28.79
32.759999999999515,27.08
32.77999999999952,27.14
32.799999999999514,26.01
32.81999999999951,27.67
32.83999999999951,21.32
32.859999999999516,31.79
32.87999999999951,32.13
32.89999999999951,26.52
32.91999999999951,22.77
32.939999999999515,25.71
32.95999999999951,32.09
32.97999999999951,30.8
32.99999999999951,27.1
33.01999999999951,31.89
33.03999999999951,24.14
33.059999999999505,25.86
33.07999999999951,30.21
33.09999999999951,27.93
33.11999999999951,25.96
33.1399999999995,18.27
33.159999999999506,31.0
33.17999999999951,29.61
33.199999999999505,21.35
33.2199999999995,30.72
33.239999999999505,28.27
33.25999999999951,29.44
33.279999999999504,32.11
33.2999999999995,25.37
33.3199999999995,31.19
33.339999999999506,31.07
33.3599999999995,31.38
33.3799999999995,34.88
33.3999999999995,30.97
33.419999999999504,26.1
33.4399999999995,35.54
33.459999999999496,23.92
33.4799999999995,26.5
33.4999999999995,24.49
33.5199999999995,27.94
33.539999999999495,32.68
33.5599999999995,33.55
33.5799999999995,30.21
33.5999999999995,25.92
33.61999999999949,26.15
33.639999999999496,25.95
33.6599999999995,32.18
33.679999999999495,24.74
33.69999999999949,31.83
33.719999999999494,28.24
33.7399999999995,29.06
33.75999999999949,34.42
33.77999999999949,26.48
33.79999999999949,35.03
33.819999999999496,22.74
33.83999999999949,25.08
33.85999999999949,22.07
33.87999999999949,25.4
33.899999999999494,30.72
33.91999999999949,31.34
33.939999999999486,29.62
33.95999999999949,29.46
33.97999999999949,23.7
33.99999999999949,23.09
34.019999999999484,29.62
34.03999999999949,33.8
34.05999999999949,26.95
34.07999999999949,23.33
34.09999999999948,22.28
34.119999999999486,25.69
34.13999999999949,34.73
34.159999999999485,27.59
34.17999999999948,24.27
34.199999999999484,25.98
34.21999999999949,26.49
34.23999999999948,29.49
34.25999999999948,25.79
34.27999999999948,24.87
34.299999999999486,27.68
34.31999999999948,30.31
34.33999999999948,31.3
34.35999999999948,30.64
34.379999999999484,26.61
34.39999999999948,21.66
34.419999999999476,25.25
34.43999999999948,29.58
34.45999999999948,23.11
34.47999999999948,29.46
34.499999999999474,26.09
34.51999999999948,26.12
34.53999999999948,32.93
34.55999999999948,29.33
34.57999999999947,33.94
34.599999999999476,24.7
34.61999999999948,32.98
34.639999999999475,32.1
34.65999999999947,16.49
34.679999999999474,28.11
34.69999999999948,34.64
34.71999999999947,31.58
34.73999999999947,26.71
34.75999999999947,27.54
34.779999999999475,23.27
34.79999999999947,29.31
34.81999999999947,21.31
34.83999999999947,24.42
34.859999999999474,32.96
34.87999999999947,28.41
34.899999999999466,27.04
34.91999999999947,28.07
34.93999999999947,39.46
34.95999999999947,32.64
34.979999999999464,25.4
34.99999999999947,35.17
35.01999999999947,28.15
35.039999999999466,31.46
35.05999999999946,26.16
35.079999999999465,24.76
35.09999999999947,31.72
35.119999999999465,25.44
35.13999999999946,25.39
35.159999999999464,32.11
35.17999999999947,23.87
35.19999999999946,22.84
35.21999999999946,30.7
35.23999999999946,20.68
35.259999999999465,25.52
35.27999999999946,27.07
35.29999999999946,23.15
35.31999999999946,24.06
35.33999999999946,31.2
35.35999999999946,29.71
35.379999999999455,24.76
35.39999999999946,30.66
35.41999999999946,34.62
35.43999999999946,23.41
35.459999999999454,28.79
35.47999999999946,36.45
35.49999999999946,30.99
35.519999999999456,31.81
35.53999999999945,27.75
35.559999999999455,25.36
35.57999999999946,33.13
35.599999999999454,31.17
35.61999999999945,28.36
35.63999999999945,26.7
35.65999999999946,21.58
35.67999999999945,29.19
35.69999999999945,25.8
35.71999999999945,28.04
35.739999999999455,31.26
35.75999999999945,31.86
35.77999999999945,31.45
35.79999999999945,37.6
35.81999999999945,33.24
35.83999999999945,25.6
35.859999999999445,25.31
35.87999999999945,37.9
35.89999999999945,25.94
35.91999999999945,28.42
35.93999999999944,35.57
35.95999999999945,35.46
35.97999999999945,28.38
35.999999999999446,29.57
36.01999999999944,22.06
36.039999999999445,24.97
36.05999999999945,27.14
36.079999999999444,28.59
36.09999999999944,27.32
36.11999999999944,29.22
36.139999999999446,37.38
36.15999999999944,30.47
36.17999999999944,29.85
36.19999999999944,28.63
36.219999999999445,27.93
36.23999999999944,33.56
36.25999999999944,24.66
36.27999999999944,28.13
36.29999999999944,24.25
36.31999999999944,28.98
36.339999999999435,29.11
36.35999999999944,32.32
36.37999999999944,33.43
36.39999999999944,31.29
36.41999999999943,35.13
36.439999999999436,35.0
36.45999999999944,29.91
36.479999999999436,30.14
36.49999999999943,20.9
36.519999999999435,29.93
36.53999999999944,28.63
36.559999999999434,21.9
36.57999999999943,26.93
36.59999999999943,32.49
36.619999999999436,23.71
36.63999999999943,33.84
36.65999999999943,30.57
36.67999999999943,27.75
36.699999999999434,28.1
36.71999999999943,31.99
36.73999999999943,22.95
36.75999999999943,36.84
36.77999999999943,25.42
36.79999999999943,25.62
36.819999999999425,33.57
36.83999999999943,31.84
36.85999999999943,33.99
36.87999999999943,32.87
36.89999999999942,30.2
36.919999999999426,23.59
36.93999999999943,26.8
36.959999999999425,29.49
36.97999999999942,28.63
36.999999999999424,20.49
37.01999999999943,32.88
37.039999999999424,35.63
37.05999999999942,34.56
37.07999999999942,24.64
37.099999999999426,30.45
37.11999999999942,20.21
37.13999999999942,35.47
37.15999999999942,20.96
37.179999999999424,30.36
37.19999999999942,33.37
37.219999999999416,33.89
37.23999999999942,30.1
37.25999999999942,23.02
37.27999999999942,28.32
37.299999999999415,27.66
37.31999999999942,30.21
37.33999999999942,32.68
37.35999999999942,31.38
37.37999999999941,37.22
37.399999999999416,31.38
37.41999999999942,27.19
37.439999999999415,35.26
37.45999999999941,27.49
37.479999999999414,29.88
37.49999999999942,29.47
37.51999999999941,19.58
37.53999999999941,29.86
37.55999999999941,29.91
37.579999999999416,27.92
37.59999999999941,28.19
37.61999999999941,23.62
37.63999999999941,29.09
37.659999999999414,34.78
37.67999999999941,28.06
37.699999999999406,26.68
37.71999999999941,26.34
37.73999999999941,36.84
37.75999999999941,23.36
37.779999999999404,32.16
37.79999999999941,29.23
37.81999999999941,36.47
37.83999999999941,34.03
37.8599999999994,28.43
37.879999999999406,22.62
37.89999999999941,34.51
37.919999999999405,34.62
37.9399999999994,24.37
37.959999999999404,31.78
37.97999999999941,25.59
37.9999999999994,25.7
38.0199999999994,22.36
38.0399999999994,32.54
38.059999999999405,29.89
38.0799999999994,30.79
38.0999999999994,34.62
38.1199999999994,31.49
38.139999999999404,31.15
38.1599999999994,31.81
38.179999999999396,24.56
38.1999999999994,28.68
38.2199999999994,24.0
38.2399999999994,25.22
38.259999999999394,28.46
38.2799999999994,33.08
38.2999999999994,37.06
38.319999999999396,24.49
38.33999999999939,29.53
38.359999999999395,28.55
38.3799999999994,30.95
38.399999999999395,31.17
38.41999999999939,30.29
38.439999999999394,24.98
38.4599999999994,30.42
38.47999999999939,32.42
38.49999999999939,26.8
38.51999999999939,36.76
38.539999999999395,27.91
38.55999999999939,26.32
38.57999999999939,30.04
38.59999999999939,27.83
38.61999999999939,23.39
38.63999999999939,28.76
38.659999999999386,35.25
38.67999999999939,36.88
38.69999999999939,26.6
38.71999999999939,32.49
38.739999999999384,29.4
38.75999999999939,30.01
38.77999999999939,33.95
38.799999999999386,32.29
38.81999999999938,29.5
38.839999999999385,25.17
38.85999999999939,24.39
38.879999999999384,28.63
38.89999999999938,30.18
38.91999999999938,30.9
38.93999999999939,32.02
38.95999999999938,32.81
38.97999999999938,19.29
38.99999999999938,32.51
39.019999999999385,24.71
39.03999999999938,33.36
39.05999999999938,30.25
39.07999999999938,31.43
39.09999999999938,26.75
39.11999999999938,30.04
39.139999999999375,21.45
39.15999999999938,33.3
39.17999999999938,27.59
39.19999999999938,18.56
39.219999999999374,33.17
39.23999999999938,35.63
39.25999999999938,25.42
39.279999999999376,33.78
39.29999999999937,25.93
39.319999999999375,19.87
39.33999999999938,27.5
39.359999999999374,30.24
39.37999999999937,29.47
39.39999999999937,29.35
39.419999999999376,30.13
39.43999999999937,29.81
39.45999999999937,28.08
39.47999999999937,26.54
39.499999999999375,27.89
39.51999999999937,27.55
39.53999999999937,27.74
39.55999999999937,24.54
39.57999999999937,26.79
39.59999999999937,29.29
39.619999999999365,30.2
39.63999999999937,28.71
39.65999999999937,28.23
39.67999999999937,31.11
39.69999999999936,32.23
39.71999999999937,31.69
39.73999999999937,21.97
39.759999999999366,27.15
39.77999999999936,31.8
39.799999999999365,31.04
39.81999999999937,31.7
39.839999999999364,30.24
39.85999999999936,25.57
39.87999999999936,33.88
39.899999999999366,23.55
39.91999999999936,32.94
39.93999999999936,28.93
39.95999999999936,23.11
39.979999999999364,27.41
39.99999999999936,33.82
40.01999999999936,26.65
40.03999999999936,24.16
40.05999999999936,27.85
40.07999999999936,25.74
40.099999999999355,24.01
40.11999999999936,30.76
40.13999999999936,32.21
40.15999999999936,26.81
40.17999999999935,31.11
40.199999999999356,27.47
40.21999999999936,28.62
40.239999999999355,29.52
40.25999999999935,35.0
40.279999999999355,31.06
40.29999999999936,25.03
40.319999999999354,31.1
40.33999999999935,28.15
40.35999999999935,27.17
40.379999999999356,25.68
40.39999999999935,28.93
40.41999999999935,28.8
40.43999999999935,27.44
40.459999999999354,23.48
40.47999999999935,22.22
40.499999999999346,29.56
40.51999999999935,29.76
40.53999999999935,37.79
40.55999999999935,28.34
40.579999999999345,33.14
40.59999999999935,33.84
40.61999999999935,28.82
40.63999999999935,29.37
40.65999999999934,27.35
40.679999999999346,36.17
40.69999999999935,23.04
40.719999999999345,28.91
40.73999999999934,34.61
40.759999999999344,28.65
40.77999999999935,26.79
40.79999999999934,30.01
40.81999999999934,31.19
40.83999999999934,31.35
40.859999999999346,30.21
40.87999999999934,32.09
40.89999999999934,32.87
40.91999999999934,24.66
40.939999999999344,27.58
40.95999999999934,32.57
40.979999999999336,31.05
40.99999999999934,30.04
41.01999999999934,31.79
41.03999999999934,32.91
41.059999999999334,25.67
41.07999999999934,24.2
41.09999999999934,24.5
41.11999999999934,36.55
41.13999999999933,24.9
41.159999999999336,28.18
41.17999999999934,28.38
41.199999999999335,33.24
41.21999999999933,22.17
41.239999999999334,28.97
41.25999999999934,33.98
41.27999999999933,33.59
41.29999999999933,30.77
41.31999999999933,28.09
41.339999999999336,36.16
41.35999999999933,22.45
41.37999999999933,33.06
41.39999999999933,31.17
41.419999999999334,31.51
41.43999999999933,30.21
41.459999999999326,29.97
41.47999999999933,32.87
41.49999999999933,24.54
41.51999999999933,24.17
41.539999999999324,29.8
41.55999999999933,29.36
41.57999999999933,29.81
41.599999999999326,35.52
41.61999999999932,26.84
41.639999999999326,32.17
41.65999999999933,30.7
41.679999999999325,38.63
41.69999999999932,23.56
41.719999999999324,26.99
41.73999999999933,27.35
41.75999999999932,34.46
41.77999999999932,25.9
41.79999999999932,35.81
41.819999999999325,35.57
41.83999999999932,32.65
41.85999999999932,30.94
41.87999999999932,22.96
41.899999999999324,29.92
41.91999999999932,23.47
41.939999999999316,27.74
41.95999999999932,30.01
41.97999999999932,27.96
41.99999999999932,33.0
42.019999999999314,28.69
42.03999999999932,23.01
42.05999999999932,24.97
42.079999999999316,24.11
42.09999999999931,27.94
42.119999999999315,34.2
42.13999999999932,31.24
42.159999999999314,30.57
42.17999999999931,24.08
42.199999999999314,38.7
42.21999999999932,29.11
42.23999999999931,38.89
42.25999999999931,25.76
42.27999999999931,26.96
42.299999999999315,39.63
42.31999999999931,24.93
42.33999999999931,30.91
42.35999999999931,27.88
42.37999999999931,25.98
42.39999999999931,37.88
42.419999999999305,25.23
42.43999999999931,32.83
42.45999999999931,33.66
42.47999999999931,25.2
42.499999999999304,21.66
42.51999999999931,22.13
42.53999999999931,26.06
42.559999999999306,30.15
42.5799999999993,30.6
42.599999999999305,28.5
42.61999999999931,28.84
42.639999999999304,33.16
42.6599999999993,32.34
42.6799999999993,30.78
42.69999999999931,26.8
42.7199999999993,32.38
42.7399999999993,30.0
42.7599999999993,26.28
42.779999999999305,26.97
42.7999999999993,34.19
42.8199999999993,36.66
42.8399999999993,27.17
42.8599999999993,20.97
42.8799999999993,31.64
42.899999999999295,25.68
42.9199999999993,32.22
42.9399999999993,27.79
42.9599999999993,38.21
42.97999999999929,29.75
42.9999999999993,32.91
43.0199999999993,24.44
43.039999999999296,18.03
43.05999999999929,29.85
43.079999999999295,30.36
43.0999999999993,32.19
43.119999999999294,27.1
43.13999999999929,24.15
43.15999999999929,22.91
43.179999999999296,31.53
43.19999999999929,32.16
43.21999999999929,25.82
43.23999999999929,27.21
43.259999999999295,26.41
43.27999999999929,21.75
43.29999999999929,30.13
43.31999999999929,32.72
43.33999999999929,28.44
43.35999999999929,23.65
43.379999999999285,28.54
43.39999999999929,34.8
43.41999999999929,37.86
43.43999999999929,30.42
43.45999999999928,26.19
43.479999999999286,21.41
43.49999999999929,23.17
43.519999999999285,29.0
43.53999999999928,30.26
43.559999999999285,30.38
43.57999999999929,28.31
43.599999999999284,23.19
43.61999999999928,23.06
43.63999999999928,29.95
43.659999999999286,26.07
43.67999999999928,34.59
43.69999999999928,23.53
43.71999999999928,36.12
43.739999999999284,26.71
43.75999999999928,30.27
43.779999999999276,30.27
43.79999999999928,28.0
43.81999999999928,21.33
43.83999999999928,27.45
43.859999999999275,35.48
43.87999999999928,24.26
43.89999999999928,22.02
43.91999999999928,28.52
43.93999999999927,27.74
43.959999999999276,24.22
43.97999999999928,26.39
43.999999999999275,27.48
44.01999999999927,27.75
44.039999999999274,30.06
44.05999999999928,32.23
44.07999999999927,30.96
44.09999999999927,30.78
44.11999999999927,36.13
44.139999999999276,33.8
44.15999999999927,17.76
44.17999999999927,27.97
44.19999999999927,23.11
44.219999999999274,26.67
44.23999999999927,32.51
44.259999999999266,28.62
44.27999999999927,27.71
44.29999999999927,34.7
44.31999999999927,23.42
44.339999999999264,29.06
44.35999999999927,31.63
44.37999999999927,29.53
44.39999999999927,24.79
44.41999999999926,29.35
44.439999999999266,32.67
44.45999999999927,30.87
44.479999999999265,30.72
44.49999999999926,30.68
44.519999999999264,29.99
44.53999999999927,24.49
44.55999999999926,28.22
44.57999999999926,31.18
44.59999999999926,17.0
44.619999999999266,32.49
44.63999999999926,30.81
44.65999999999926,25.13
44.67999999999926,26.48
44.699999999999264,28.65
44.71999999999926,31.13
44.739999999999256,27.98
44.75999999999926,34.14
44.77999999999926,31.13
44.79999999999926,26.33
44.819999999999254,27.6
44.83999999999926,30.39
44.85999999999926,32.4
44.87999999999926,32.21
44.89999999999925,29.1
44.919999999999256,30.09
44.93999999999926,29.39
44.959999999999255,32.78
44.97999999999925,25.55
44.999999999999254,31.91
45.01999999999926,22.09
45.03999999999925,31.31
45.05999999999925,30.53
45.07999999999925,29.51
45.099999999999255,20.98
45.11999999999925,35.78
45.13999999999925,33.11
45.15999999999925,29.62
45.179999999999254,31.35
45.19999999999925,25.76
45.219999999999246,31.57
45.23999999999925,35.76
45.25999999999925,24.81
45.27999999999925,40.3
45.299999999999244,27.78
45.31999999999925,32.84
45.33999999999925,26.23
45.359999999999246,31.1
45.37999999999924,24.44
45.399999999999245,26.9
45.41999999999925,28.63
45.439999999999245,26.92
45.45999999999924,28.58
45.479999999999244,33.45
45.49999999999925,24.44
45.51999999999924,24.77
45.53999999999924,29.74
45.55999999999924,27.3
45.579999999999245,25.54
45.59999999999924,30.09
45.61999999999924,27.3
45.63999999999924,30.91
45.65999999999924,29.41
45.67999999999924,28.76
45.699999999999235,29.3
45.71999999999924,33.66
45.73999999999924,34.83
45.75999999999924,28.94
45.779999999999234,25.46
45.79999999999924,23.53
45.81999999999924,20.65
45.839999999999236,24.88
45.85999999999923,26.18
45.879999999999235,29.38
45.89999999999924,22.07
45.919999999999234,35.31
45.93999999999923,33.85
45.95999999999923,34.58
45.97999999999924,27.55
45.99999999999923,30.58
46.01999999999923,25.81
46.03999999999923,35.8
46.059999999999235,24.75
46.07999999999923,27.55
46.09999999999923,35.3
46.11999999999923,39.57
46.13999999999923,29.25
46.15999999999923,27.96
46.179999999999225,19.59
46.19999999999923,36.46
46.21999999999923,30.85
46.23999999999923,22.09
46.25999999999922,33.11
46.27999999999923,32.08
46.29999999999923,28.21
46.319999999999226,27.4
46.33999999999922,32.55
46.359999999999225,30.57
46.37999999999923,31.59
46.399999999999224,34.55
46.41999999999922,34.41
46.43999999999922,32.69
46.459999999999226,31.99
46.47999999999922,24.54
46.49999999999922,25.19
46.51999999999922,32.93
46.539999999999225,32.24
46.55999999999922,31.73
46.57999999999922,33.02
46.59999999999922,27.44
46.61999999999922,31.92
46.63999999999922,25.71
46.659999999999215,29.92
46.67999999999922,33.39
46.69999999999922,26.96
46.71999999999922,37.48
46.73999999999921,34.21
46.759999999999216,35.16
46.77999999999922,28.83
46.799999999999216,24.12
46.81999999999921,26.89
46.839999999999215,31.89
46.85999999999922,28.57
46.879999999999214,32.57
46.89999999999921,30.29
46.91999999999921,27.33
46.939999999999216,33.43
46.95999999999921,35.1
46.97999999999921,26.77
46.99999999999921,31.75
47.019999999999214,30.34
47.03999999999921,30.86
47.05999999999921,29.43
47.07999999999921,25.23
47.09999999999921,37.09
47.11999999999921,30.64
47.139999999999205,39.6
47.15999999999921,63.58
47.17999999999921,95.63
47.19999999999921,148.02
47.2199999999992,229.27
47.239999999999206,329.54
47.25999999999921,426.69
47.279999999999205,504.8
47.2999999999992,525.07
47.319999999999204,503.68
47.33999999999921,434.57
47.359999999999204,330.99
47.3799999999992,228.36
47.3999999999992,148.33
47.419999999999206,95.11
47.4399999999992,58.48
47.4599999999992,48.05
47.4799999999992,27.49
47.499999999999204,38.05
47.5199999999992,22.18
47.539999999999196,29.73
47.5599999999992,25.46
47.5799999999992,33.05
47.5999999999992,26.67
47.619999999999195,25.23
47.6399999999992,28.4
47.6599999999992,28.12
47.6799999999992,22.03
47.69999999999919,31.59
47.719999999999196,20.2
47.7399999999992,34.48
47.759999999999195,28.46
47.77999999999919,33.59
47.799999999999194,27.38
47.8199999999992,26.61
47.83999999999919,32.39
47.85999999999919,27.45
47.87999999999919,23.6
47.899999999999196,29.44
47.91999999999919,24.28
47.93999999999919,29.74
47.95999999999919,35.31
47.979999999999194,33.65
47.99999999999919,29.81
48.019999999999186,29.14
48.03999999999919,28.54
48.05999999999919,27.26
48.07999999999919,31.23
48.099999999999184,29.18
48.11999999999919,28.29
48.13999999999919,30.89
48.15999999999919,21.74
48.17999999999918,37.64
48.199999999999186,32.34
48.21999999999919,24.25
48.239999999999185,30.28
48.25999999999918,25.31
48.279999999999184,27.67
48.29999999999919,26.25
48.31999999999918,34.2
48.33999999999918,22.15
48.35999999999918,28.42
48.379999999999185,23.24
48.39999999999918,29.76
48.41999999999918,28.57
48.43999999999918,24.22
48.459999999999184,35.6
48.47999999999918,36.1
48.499999999999176,27.59
48.51999999999918,31.94
48.53999999999918,29.26
48.55999999999918,30.83
48.579999999999174,35.99
48.59999999999918,28.79
48.61999999999918,37.03
48.639999999999176,28.71
48.65999999999917,29.49
48.679999999999175,37.43
48.69999999999918,30.97
48.719999999999175,21.74
48.73999999999917,30.77
48.759999999999174,24.75
48.77999999999918,23.23
48.79999999999917,26.11
48.81999999999917,31.19
48.83999999999917,25.43
48.859999999999175,24.28
48.87999999999917,28.37
48.89999999999917,31.51
48.91999999999917,27.11
48.93999999999917,24.67
48.95999999999917,21.21
48.979999999999166,26.79
48.99999999999917,33.28
49.01999999999917,33.91
49.03999999999917,33.06
49.059999999999164,29.2
49.07999999999917,30.43
49.09999999999917,34.98
49.119999999999166,26.44
49.13999999999916,31.37
49.159999999999165,22.43
49.17999999999917,32.65
49.199999999999164,28.12
49.21999999999916,25.3
49.23999999999916,33.02
49.25999999999917,25.48
49.27999999999916,26.46
49.29999999999916,36.08
49.31999999999916,25.75
49.339999999999165,27.31
49.35999999999916,27.2
49.37999999999916,33.08
49.39999999999916,22.6
49.41999999999916,34.94
49.43999999999916,28.97
49.459999999999155,28.68
49.47999999999916,26.36
49.49999999999916,29.37
49.51999999999916,35.83
49.539999999999154,30.81
49.55999999999916,26.23
49.57999999999916,28.57
49.599999999999156,32.1
49.61999999999915,30.3
49.639999999999155,28.93
49.65999999999916,32.38
49.679999999999154,31.41
49.69999999999915,25.66
49.71999999999915,22.31
49.739999999999156,31.98
49.75999999999915,37.41
49.77999999999915,26.7
49.79999999999915,29.42
49.819999999999155,35.4
49.83999999999915,36.94
49.85999999999915,30.25
49.87999999999915,34.99
49.89999999999915,32.99
49.91999999999915,27.77
49.939999999999145,21.92
49.95999999999915,26.36
49.97999999999915,31.47
49.99999999999915,31.68
50.01999999999914,27.99
50.03999999999915,26.57
50.05999999999915,23.6
50.079999999999146,23.29
50.09999999999914,29.52
50.119999999999145,23.71
50.13999999999915,29.95
50.159999999999144,26.82
50.17999999999914,28.31
50.19999999999914,38.52
50.219999999999146,30.22
50.23999999999914,28.65
50.25999999999914,29.33
50.27999999999914,24.13
50.299999999999145,35.39
50.31999999999914,33.42
50.33999999999914,27.91
50.35999999999914,30.95
50.37999999999914,27.35
50.39999999999914,31.63
50.419999999999135,24.67
50.43999999999914,31.11
50.45999999999914,36.05
50.47999999999914,31.83
50.49999999999913,27.69
50.519999999999136,33.85
50.53999999999914,37.86
50.559999999999135,32.98
50.57999999999913,30.45
50.599999999999135,26.85
50.61999999999914,31.8
50.639999999999134,37.75
50.65999999999913,22.0
50.67999999999913,33.98
50.699999999999136,30.66
50.71999999999913,36.13
50.73999999999913,29.56
50.75999999999913,21.42
50.779999999999134,38.04
50.79999999999913,25.44
50.819999999999126,33.28
50.83999999999913,29.57
50.85999999999913,29.93
50.87999999999913,30.64
50.899999999999125,27.91
50.91999999999913,30.84
50.93999999999913,31.32
50.95999999999913,33.3
50.97999999999912,30.6
50.999999999999126,31.37
51.01999999999913,35.41
51.039999999999125,26.5
51.05999999999912,30.39
51.079999999999124,32.02
51.09999999999913,34.25
51.11999999999912,29.86
51.13999999999912,30.51
51.15999999999912,28.74
51.179999999999126,35.08
51.19999999999912,28.84
51.21999999999912,32.86
51.23999999999912,29.72
51.259999999999124,30.25
51.27999999999912,25.24
51.299999999999116,30.36
51.31999999999912,30.01
51.33999999999912,24.2
51.35999999999912,27.17
51.379999999999114,28.32
51.39999999999912,24.03
51.41999999999912,25.27
51.43999999999912,36.02
51.45999999999911,26.03
51.479999999999116,26.72
51.49999999999912,24.57
51.519999999999115,35.06
51.53999999999911,33.83
51.559999999999114,31.43
51.57999999999912,30.49
51.59999999999911,28.19
51.61999999999911,29.02
51.63999999999911,27.47
51.659999999999116,32.8
51.67999999999911,32.94
51.69999999999911,33.82
51.71999999999911,38.37
51.739999999999114,33.0
51.75999999999911,32.71
51.779999999999106,34.19
51.79999999999911,24.01
51.81999999999911,30.2
51.83999999999911,24.13
51.859999999999104,36.5
51.87999999999911,28.22
51.89999999999911,37.28
51.919999999999106,34.44
51.9399999999991,27.99
51.959999999999106,23.56
51.97999999999911,25.7
51.999999999999105,34.35
52.0199999999991,28.92
52.039999999999104,24.28
52.05999999999911,29.31
52.0799999999991,36.98
52.0999999999991,36.65
52.1199999999991,28.32
52.139999999999105,31.45
52.1599999999991,32.67
52.1799999999991,24.3
52.1999999999991,28.09
52.219999999999104,28.6
52.2399999999991,31.84
52.259999999999096,28.18
52.2799999999991,24.64
52.2999999999991,31.53
52.3199999999991,27.66
52.339999999999094,25.32
52.3599999999991,25.33
52.3799999999991,29.35
52.399999999999096,36.04
52.41999999999909,29.54
52.439999999999095,34.54
52.4599999999991,21.26
52.479999999999094,26.89
52.49999999999909,25.22
52.519999999999094,29.15
52.5399999999991,33.33
52.55999999999909,28.07
52.57999999999909,25.28
52.59999999999909,34.05
52.619999999999095,27.21
52.63999999999909,31.35
52.65999999999909,27.61
52.67999999999909,32.34
52.69999999999909,28.74
52.71999999999909,33.45
52.739999999999085,32.76
52.75999999999909,39.16
52.77999999999909,29.96
52.79999999999909,26.38
52.819999999999084,25.64
52.83999999999909,27.89
52.85999999999909,31.79
52.879999999999086,27.43
52.89999999999908,36.37
52.919999999999085,31.09
52.93999999999909,26.39
52.959999999999084,28.44
52.97999999999908,27.74
52.99999999999908,31.01
53.01999999999909,26.2
53.03999999999908,35.43
53.05999999999908,28.88
53.07999999999908,29.36
53.099999999999085,34.0
53.11999999999908,27.32
53.13999999999908,30.31
53.15999999999908,37.48
53.17999999999908,31.96
53.19999999999908,31.5
53.219999999999075,28.42
53.23999999999908,26.35
53.25999999999908,37.32
53.27999999999908,29.69
53.29999999999907,37.92
53.31999999999908,27.6
53.33999999999908,35.35
53.359999999999076,29.51
53.37999999999907,32.01
53.399999999999075,35.21
53.41999999999908,32.11
53.439999999999074,33.55
53.45999999999907,24.09
53.47999999999907,28.51
53.499999999999076,38.53
53.51999999999907,29.44
53.53999999999907,31.63
53.55999999999907,29.7
53.579999999999075,27.87
53.59999999999907,24.38
53.61999999999907,25.8
53.63999999999907,37.09
53.65999999999907,30.05
53.67999999999907,25.61
53.699999999999065,26.75
53.71999999999907,33.87
53.73999999999907,26.59
53.75999999999907,27.87
53.77999999999906,25.91
53.799999999999066,25.34
53.81999999999907,36.98
53.839999999999065,29.82
53.85999999999906,29.1
53.879999999999065,27.98
53.89999999999907,33.24
53.919999999999064,30.64
53.93999999999906,31.56
53.95999999999906,30.94
53.979999999999066,28.97
53.99999999999906,28.48
54.01999999999906,23.46
54.03999999999906,28.44
54.059999999999064,39.06
54.07999999999906,25.45
54.099999999999056,30.43
54.11999999999906,31.75
54.13999999999906,35.19
54.15999999999906,41.05
54.179999999999055,28.83
54.19999999999906,26.91
54.21999999999906,34.66
54.23999999999906,31.28
54.25999999999905,38.45
54.279999999999056,33.33
54.29999999999906,27.75
54.319999999999055,29.65
54.33999999999905,32.13
54.359999999999054,32.44
54.37999999999906,25.9
54.399999999999054,22.74
54.41999999999905,24.03
54.43999999999905,32.91
54.459999999999056,29.83
54.47999999999905,23.11
54.49999999999905,28.25
54.51999999999905,22.7
54.539999999999054,29.4
54.55999999999905,26.99
54.579999999999046,28.23
54.59999999999905,30.12
54.61999999999905,31.19
54.63999999999905,30.7
54.659999999999044,35.63
54.67999999999905,40.07
54.69999999999905,33.88
54.71999999999905,29.71
54.73999999999904,33.48
54.759999999999046,27.57
54.77999999999905,27.17
54.799999999999045,27.0
54.81999999999904,31.65
54.839999999999044,35.44
54.85999999999905,39.38
54.87999999999904,35.79
54.89999999999904,33.28
54.91999999999904,27.74
54.939999999999046,30.8
54.95999999999904,32.67
54.97999999999904,30.01
54.99999999999904,37.95
55.019999999999044,27.22
55.03999999999904,27.65
55.059999999999036,32.03
55.07999999999904,38.54
55.09999999999904,23.26
55.11999999999904,27.13
55.139999999999034,35.67
55.15999999999904,27.8
55.17999999999904,38.75
55.19999999999904,27.23
55.21999999999903,34.81
55.239999999999036,30.17
55.25999999999904,32.36
55.279999999999035,26.38
55.29999999999903,24.11
55.319999999999034,33.63
55.33999999999904,28.42
55.35999999999903,26.86
55.37999999999903,26.12
55.39999999999903,26.36
55.419999999999035,35.95
55.43999999999903,26.85
55.45999999999903,28.38
55.47999999999903,38.41
55.499999999999034,28.82
55.51999999999903,30.53
55.539999999999026,32.02
55.55999999999903,29.37
55.57999999999903,27.81
55.59999999999903,35.68
55.619999999999024,31.84
55.63999999999903,28.05
55.65999999999903,25.02
55.679999999999026,25.94
55.69999999999902,26.47
55.719999999999025,21.95
55.73999999999903,35.27
55.759999999999025,30.98
55.77999999999902,32.72
55.799999999999024,24.91
55.81999999999903,28.65
55.83999999999902,29.65
55.85999999999902,30.97
55.87999999999902,30.04
55.899999999999025,26.48
55.91999999999902,37.42
55.93999999999902,39.71
55.95999999999902,45.39
55.97999999999902,65.09
55.99999999999902,93.07
56.019999999999015,135.31
56.03999999999902,185.75
56.05999999999902,247.51
56.07999999999902,307.84
56.099999999999014,357.82
56.11999999999902,367.81
56.13999999999902,350.61
56.159999999999016,311.98
56.17999999999901,250.88
56.199999999999015,187.66
56.21999999999902,126.36
56.239999999999014,89.47
56.25999999999901,64.65
56.27999999999901,43.2
56.29999999999902,35.83
56.31999999999901,31.9
56.33999999999901,37.58
56.35999999999901,34.52
56.379999999999015,25.36
56.39999999999901,24.58
56.41999999999901,33.25
56.43999999999901,29.79
56.45999999999901,32.78
56.47999999999901,31.71
56.499999999999005,34.69
56.51999999999901,24.15
56.53999999999901,28.46
56.55999999999901,31.66
56.579999999999,31.6
56.59999999999901,26.87
56.61999999999901,28.55
56.639999999999006,28.32
56.659999999999,30.84
56.679999999999005,33.47
56.69999999999901,29.57
56.719999999999004,30.06
56.739999999999,22.3
56.759999999999,26.43
56.779999999999006,38.09
56.799999999999,23.82
56.819999999999,36.14
56.839999999999,29.49
56.859999999999005,22.83
56.879999999999,36.52
56.899999999999,35.83
56.919999999999,28.68
56.939999999999,34.16
56.959999999999,29.27
56.979999999998995,30.9
56.999999999999,31.37
57.019999999999,29.78
57.039999999999,32.8
57.05999999999899,32.25
57.079999999998996,28.62
57.099999999999,31.89
57.119999999998996,28.63
57.13999999999899,31.25
57.159999999998995,28.73
57.179999999999,31.11
57.199999999998994,37.12
57.21999999999899,28.11
57.23999999999899,24.87
57.259999999998996,37.1
57.27999999999899,31.9
57.29999999999899,28.13
57.31999999999899,29.73
57.339999999998994,27.08
57.35999999999899,34.49
57.37999999999899,33.59
57.39999999999899,33.25
57.41999999999899,31.62
57.43999999999899,22.54
57.459999999998985,26.0
57.47999999999899,31.89
57.49999999999899,20.13
57.51999999999899,30.43
57.53999999999898,26.65
57.559999999998986,33.29
57.57999999999899,29.97
57.599999999998985,35.0
57.61999999999898,32.11
57.639999999998984,31.22
57.65999999999899,26.87
57.679999999998984,33.28
57.69999999999898,40.29
57.71999999999898,23.93
57.739999999998986,26.68
57.75999999999898,37.43
57.77999999999898,32.83
57.79999999999898,29.6
57.819999999998984,33.91
57.83999999999898,32.11
57.859999999998976,28.18
57.87999999999898,28.11
57.89999999999898,34.21
57.91999999999898,32.17
57.939999999998975,35.1
57.95999999999898,33.41
57.97999999999898,28.34
57.99999999999898,36.9
58.01999999999897,27.11
58.039999999998976,28.99
58.05999999999898,27.67
58.079999999998975,25.2
58.09999999999897,33.3
58.119999999998974,26.6
58.13999999999898,28.08
58.15999999999897,34.59
58.17999999999897,34.28
58.19999999999897,28.33
58.219999999998976,25.59
58.23999999999897,30.41
58.25999999999897,24.43
58.27999999999897,26.79
58.299999999998974,29.28
58.31999999999897,30.2
58.339999999998966,28.61
58.35999999999897,30.25
58.37999999999897,36.37
58.39999999999897,33.35
58.419999999998964,36.36
58.43999999999897,34.43
58.45999999999897,31.77
58.47999999999897,25.99
58.49999999999896,25.51
58.519999999998966,30.77
58.53999999999897,29.22
58.559999999998965,27.12
58.57999999999896,32.5
58.599999999998964,35.76
58.61999999999897,30.59
58.63999999999896,31.21
58.65999999999896,28.68
58.67999999999896,28.12
58.699999999998965,38.76
58.71999999999896,25.85
58.73999999999896,30.23
58.75999999999896,29.09
58.779999999998964,30.44
58.79999999999896,35.07
58.819999999998956,34.86
58.83999999999896,30.32
58.85999999999896,35.38
58.87999999999896,27.82
58.899999999998954,32.31
58.91999999999896,38.01
58.93999999999896,28.58
58.959999999998956,31.72
58.97999999999895,36.89
58.999999999998956,27.53
59.01999999999896,31.16
59.039999999998955,29.64
59.05999999999895,26.44
59.079999999998954,32.53
59.09999999999896,27.53
59.11999999999895,37.54
59.13999999999895,31.0
59.15999999999895,30.08
59.179999999998955,31.08
59.19999999999895,31.33
59.21999999999895,30.13
59.23999999999895,31.15
59.25999999999895,28.63
59.27999999999895,28.93
59.299999999998946,33.04
59.31999999999895,22.39
59.33999999999895,27.74
59.35999999999895,30.97
59.379999999998944,32.31
59.39999999999895,29.38
59.41999999999895,31.49
59.439999999998946,29.55
59.45999999999894,23.5
59.479999999998945,34.71
59.49999999999895,32.02
59.519999999998944,27.12
59.53999999999894,36.85
59.559999999998944,33.67
59.57999999999895,28.46
59.59999999999894,35.39
59.61999999999894,33.12
59.63999999999894,34.28
59.659999999998945,28.56
59.67999999999894,28.74
59.69999999999894,27.68
59.71999999999894,28.81
59.73999999999894,21.72
59.75999999999894,35.31
59.779999999998935,26.26
59.79999999999894,33.26
59.81999999999894,25.79
59.83999999999894,31.45
59.859999999998934,26.22
59.87999999999894,30.91
59.89999999999894,24.59
59.919999999998936,28.62
59.93999999999893,33.63
59.959999999998935,31.85
59.97999999999894,31.68
59.999999999998934,27.57
60.01999999999893,22.22
60.03999999999893,27.43
60.05999999999894,28.96
60.07999999999893,36.92
60.09999999999893,33.29
60.11999999999893,32.28
60.139999999998935,28.69
60.15999999999893,28.1
60.17999999999893,33.58
60.19999999999893,29.53
60.21999999999893,29.67
60.23999999999893,38.7
60.259999999998925,27.1
60.27999999999893,29.9
60.29999999999893,30.03
60.31999999999893,28.43
60.33999999999892,25.39
60.35999999999893,36.13
60.37999999999893,25.39
60.399999999998926,27.41
60.41999999999892,32.07
60.439999999998925,26.07
60.45999999999893,30.42
60.479999999998924,30.02
60.49999999999892,30.1
60.51999999999892,30.49
60.539999999998926,25.42
60.55999999999892,28.86
60.57999999999892,36.2
60.59999999999892,35.72
60.619999999998925,28.74
60.63999999999892,35.4
60.65999999999892,27.31
60.67999999999892,25.61
60.69999999999892,23.0
60.71999999999892,26.62
60.739999999998915,32.91
60.75999999999892,29.77
60.77999999999892,37.72
60.79999999999892,34.44
60.81999999999891,29.67
60.839999999998916,30.19
60.85999999999892,30.22
60.879999999998915,35.08
60.89999999999891,29.55
60.919999999998915,31.03
60.93999999999892,28.15
60.959999999998914,36.29
60.97999999999891,29.7
60.99999999999891,28.51
61.019999999998916,25.02
61.03999999999891,34.97
61.05999999999891,28.74
61.07999999999891,30.83
61.099999999998914,29.47
61.11999999999891,30.37
61.139999999998906,23.18
61.15999999999891,27.98
61.17999999999891,26.78
61.19999999999891,39.83
61.219999999998905,36.51
61.23999999999891,32.88
61.25999999999891,41.07
61.27999999999891,36.24
61.2999999999989,25.75
61.319999999998906,25.99
61.33999999999891,32.21
61.359999999998905,30.86
61.3799999999989,31.98
61.399999999998904,27.84
61.41999999999891,38.52
61.4399999999989,29.74
61.4599999999989,35.63
61.4799999999989,36.99
61.499999999998906,28.81
61.5199999999989,33.46
61.5399999999989,37.53
61.5599999999989,36.99
61.579999999998904,34.17
61.5999999999989,32.92
61.619999999998896,31.48
61.6399999999989,36.24
61.6599999999989,33.5
61.6799999999989,31.67
61.699999999998894,29.28
61.7199999999989,25.76
61.7399999999989,30.48
61.7599999999989,38.63
61.77999999999889,29.24
61.799999999998896,28.62
61.8199999999989,30.22
61.839999999998895,30.33
61.85999999999889,28.95
61.879999999998894,33.76
61.8999999999989,32.49
61.91999999999889,35.92
61.93999999999889,33.6
61.95999999999889,31.94
61.979999999998896,22.79
61.99999999999889,31.99
62.01999999999889,28.59
62.03999999999889,35.51
62.059999999998894,31.5
62.07999999999889,28.16
62.099999999998886,29.04
62.11999999999889,26.41
62.13999999999889,29.02
62.15999999999889,32.48
62.179999999998884,35.93
62.19999999999889,33.3
62.21999999999889,34.46
62.239999999998886,34.79
62.25999999999888,29.93
62.279999999998886,37.04
62.29999999999889,25.82
62.319999999998885,31.73
62.33999999999888,29.13
62.359999999998884,23.37
62.37999999999889,37.87
62.39999999999888,23.25
62.41999999999888,34.0
62.43999999999888,38.42
62.459999999998885,30.43
62.47999999999888,30.79
62.49999999999888,23.65
62.51999999999888,30.25
62.539999999998884,37.06
62.55999999999888,29.17
62.579999999998876,27.36
62.59999999999888,22.0
62.61999999999888,36.4
62.63999999999888,32.91
62.659999999998874,30.06
62.67999999999888,35.44
62.69999999999888,29.15
62.719999999998876,29.94
62.73999999999887,39.77
62.759999999998875,27.69
62.77999999999888,32.44
62.799999999998875,32.17
62.81999999999887,31.67
62.839999999998874,31.31
62.85999999999888,26.06
62.87999999999887,30.74
62.89999999999887,30.32
62.91999999999887,28.62
62.939999999998875,27.96
62.95999999999887,27.29
62.97999999999887,28.06
62.99999999999887,32.94
63.01999999999887,31.45
63.03999999999887,37.93
63.059999999998865,33.72
63.07999999999887,28.93
63.09999999999887,29.15
63.11999999999887,30.62
63.139999999998864,29.91
63.15999999999887,31.33
63.17999999999887,39.08
63.199999999998866,30.71
63.21999999999886,31.85
63.239999999998865,26.56
63.25999999999887,25.32
63.279999999998864,30.79
63.29999999999886,29.66
63.31999999999886,32.14
63.33999999999887,36.76
63.35999999999886,29.29
63.37999999999886,28.6
63.39999999999886,35.25
63.419999999998865,29.6
63.43999999999886,31.57
63.45999999999886,30.92
63.47999999999886,38.86
63.49999999999886,24.62
63.51999999999886,28.07
63.539999999998855,33.96
63.55999999999886,36.0
63.57999999999886,27.24
63.59999999999886,36.08
63.61999999999885,29.48
63.63999999999886,28.46
63.65999999999886,28.85
63.679999999998856,32.78
63.69999999999885,33.31
63.719999999998855,27.87
63.73999999999886,32.2
63.759999999998854,29.85
63.77999999999885,26.61
63.79999999999885,38.15
63.819999999998856,27.51
63.83999999999885,31.79
63.85999999999885,26.73
63.87999999999885,29.66
63.899999999998855,31.75
63.91999999999885,32.04
63.93999999999885,27.3
63.95999999999885,30.92
63.97999999999885,32.8
63.99999999999885,37.34
64.01999999999884,34.59
64.03999999999886,35.7
64.05999999999885,33.94
64.07999999999885,28.74
64.09999999999884,30.1
64.11999999999884,35.04
64.13999999999885,28.66
64.15999999999885,26.93
64.17999999999884,31.24
64.19999999999885,24.15
64.21999999999885,28.29
64.23999999999884,26.87
64.25999999999884,29.78
64.27999999999884,36.68
64.29999999999885,40.71
64.31999999999884,33.8
64.33999999999884,27.59
64.35999999999885,34.36
64.37999999999884,33.12
64.39999999999884,29.03
64.41999999999884,34.97
64.43999999999883,29.51
64.45999999999884,29.13
64.47999999999884,31.68
64.49999999999883,34.19
64.51999999999884,29.98
64.53999999999884,32.87
64.55999999999884,24.14
64.57999999999883,32.63
64.59999999999883,29.55
64.61999999999884,29.37
64.63999999999884,21.36
64.65999999999883,25.67
64.67999999999884,24.49
64.69999999999884,33.89
64.71999999999883,27.78
64.73999999999883,32.57
64.75999999999883,34.11
64.77999999999884,29.29
64.79999999999883,27.37
64.81999999999883,36.32
64.83999999999884,32.53
64.85999999999883,26.56
64.87999999999883,33.41
64.89999999999883,28.83
64.91999999999882,33.35
64.93999999999883,34.8
64.95999999999883,28.23
64.97999999999882,33.46
64.99999999999883,19.45
65.01999999999883,33.69
65.03999999999883,23.66
65.05999999999882,41.61
65.07999999999882,32.92
65.09999999999883,29.06
65.11999999999883,36.05
65.13999999999882,28.38
65.15999999999883,31.99
65.17999999999883,30.38
65.19999999999882,31.52
65.21999999999882,29.28
65.23999999999882,33.28
65.25999999999883,28.57
65.27999999999882,31.98
65.29999999999882,34.04
65.31999999999883,29.15
65.33999999999882,34.88
65.35999999999882,33.48
65.37999999999882,30.36
65.39999999999881,29.48
65.41999999999882,31.35
65.43999999999882,29.73
65.45999999999881,29.49
65.47999999999882,31.02
65.49999999999882,30.7
65.51999999999882,31.98
65.53999999999881,37.23
65.55999999999881,35.2
65.57999999999882,34.96
65.59999999999881,33.63
65.61999999999881,29.15
65.63999999999882,27.32
65.65999999999882,30.66
65.67999999999881,36.31
65.69999999999881,36.37
65.7199999999988,25.74
65.73999999999882,24.48
65.75999999999881,38.28
65.77999999999881,37.28
65.79999999999882,29.07
65.81999999999881,31.27
65.83999999999881,31.78
65.8599999999988,36.0
65.8799999999988,29.64
65.89999999999881,33.96
65.91999999999881,32.69
65.9399999999988,32.8
65.95999999999881,35.81
65.97999999999881,32.18
65.9999999999988,26.47
66.0199999999988,35.21
66.0399999999988,29.66
66.05999999999881,35.2
66.0799999999988,32.67
66.0999999999988,27.7
66.11999999999881,32.63
66.1399999999988,29.07
66.1599999999988,32.7
66.1799999999988,30.0
66.1999999999988,35.66
66.2199999999988,28.78
66.2399999999988,30.15
66.2599999999988,28.83
66.27999999999881,28.45
66.2999999999988,30.55
66.3199999999988,32.49
66.3399999999988,33.88
66.35999999999879,31.84
66.3799999999988,29.82
66.3999999999988,25.4
66.4199999999988,35.41
66.4399999999988,29.61
66.4599999999988,33.25
66.4799999999988,27.39
66.49999999999879,37.71
66.51999999999879,34.42
66.5399999999988,28.1
66.5599999999988,33.05
66.57999999999879,37.03
66.5999999999988,30.95
66.6199999999988,24.86
66.63999999999879,33.49
66.65999999999879,39.06
66.67999999999878,25.28
66.6999999999988,35.77
66.71999999999879,30.74
66.73999999999879,31.31
66.7599999999988,32.44
66.7799999999988,31.73
66.79999999999879,35.13
66.81999999999879,27.02
66.83999999999878,31.34
66.85999999999879,27.94
66.87999999999879,29.65
66.89999999999878,43.58
66.9199999999988,28.31
66.93999999999879,33.49
66.95999999999879,32.92
66.97999999999878,24.02
66.99999999999878,27.11
67.01999999999879,24.44
67.03999999999878,31.09
67.05999999999878,26.45
67.07999999999879,28.12
67.09999999999879,25.57
67.11999999999878,34.4
67.13999999999878,34.1
67.15999999999877,37.66
67.17999999999878,31.01
67.19999999999878,34.67
67.21999999999878,36.24
67.23999999999879,40.09
67.25999999999878,26.73
67.27999999999878,28.49
67.29999999999878,27.81
67.31999999999877,26.19
67.33999999999878,34.59
67.35999999999878,34.65
67.37999999999877,26.15
67.39999999999878,27.4
67.41999999999878,33.0
67.43999999999878,29.78
67.45999999999877,32.66
67.47999999999877,31.07
67.49999999999878,35.99
67.51999999999877,36.26
67.53999999999877,24.43
67.55999999999878,37.18
67.57999999999878,29.83
67.59999999999877,27.22
67.61999999999877,34.17
67.63999999999876,27.85
67.65999999999877,26.74
67.67999999999877,30.39
67.69999999999877,37.21
67.71999999999878,24.5
67.73999999999877,27.61
67.75999999999877,25.01
67.77999999999876,26.96
67.79999999999876,31.19
67.81999999999877,26.5
67.83999999999877,33.03
67.85999999999876,32.21
67.87999999999877,34.68
67.89999999999877,39.47
67.91999999999877,27.84
67.93999999999876,29.87
67.95999999999876,29.38
67.97999999999877,29.99
67.99999999999876,33.41
68.01999999999876,34.2
68.03999999999877,29.78
68.05999999999877,37.13
68.07999999999876,30.72
68.09999999999876,31.35
68.11999999999875,28.25
68.13999999999876,34.49
68.15999999999876,34.8
68.17999999999876,31.83
68.19999999999877,23.21
68.21999999999876,30.85
68.23999999999876,34.2
68.25999999999875,30.16
68.27999999999875,31.44
68.29999999999876,33.88
68.31999999999876,24.55
68.33999999999875,35.01
68.35999999999876,24.26
68.37999999999876,32.22
68.39999999999876,34.14
68.41999999999875,29.83
68.43999999999875,33.71
68.45999999999876,33.82
68.47999999999875,29.72
68.49999999999875,30.15
68.51999999999876,35.07
68.53999999999876,33.08
68.55999999999875,34.26
68.57999999999875,33.5
68.59999999999874,29.58
68.61999999999875,27.63
68.63999999999875,27.78
68.65999999999875,26.52
68.67999999999876,23.83
68.69999999999875,29.51
68.71999999999875,28.27
68.73999999999874,32.13
68.75999999999874,30.96
68.77999999999875,33.37
68.79999999999875,36.39
68.81999999999874,27.97
68.83999999999875,30.92
68.85999999999875,30.48
68.87999999999874,28.72
68.89999999999874,27.93
68.91999999999874,34.02
68.93999999999875,37.02
68.95999999999874,38.91
68.97999999999874,49.16
68.99999999999875,58.83
69.01999999999875,76.66
69.03999999999874,91.84
69.05999999999874,113.76
69.07999999999873,138.67
69.09999999999874,149.43
69.11999999999874,162.52
69.13999999999874,164.65
69.15999999999875,154.77
69.17999999999874,137.52
69.19999999999874,115.66
69.21999999999873,90.55
69.23999999999873,76.57
69.25999999999874,55.6
69.27999999999874,45.26
69.29999999999873,39.2
69.31999999999874,38.17
69.33999999999874,40.26
69.35999999999873,38.03
69.37999999999873,37.36
69.39999999999873,34.83
69.41999999999874,32.61
69.43999999999873,28.49
69.45999999999873,29.62
69.47999999999874,32.51
69.49999999999874,38.78
69.51999999999873,34.27
69.53999999999873,33.45
69.55999999999872,34.28
69.57999999999873,26.6
69.59999999999873,29.32
69.61999999999873,34.03
69.63999999999874,36.06
69.65999999999873,29.59
69.67999999999873,34.2
69.69999999999872,24.44
69.71999999999872,33.99
69.73999999999873,37.68
69.75999999999873,31.18
69.77999999999872,29.52
69.79999999999873,42.68
69.81999999999873,32.18
69.83999999999872,37.52
69.85999999999872,29.39
69.87999999999872,27.23
69.89999999999873,25.87
69.91999999999872,35.98
69.93999999999872,25.36
69.95999999999873,24.01
69.97999999999873,29.54
69.99999999999872,30.45
70.01999999999872,30.9
70.03999999999871,27.04
70.05999999999872,28.78
70.07999999999872,32.24
70.09999999999872,24.28
70.11999999999873,32.4
70.13999999999872,34.44
70.15999999999872,37.51
70.17999999999871,33.84
70.19999999999871,36.65
70.21999999999872,33.23
70.23999999999872,38.0
70.25999999999871,32.54
70.27999999999872,40.38
70.29999999999872,34.43
70.31999999999871,29.8
70.33999999999871,32.77
70.3599999999987,25.07
70.37999999999872,36.88
70.39999999999871,30.95
70.41999999999871,36.97
70.43999999999872,40.88
70.45999999999871,32.09
70.47999999999871,32.2
70.4999999999987,31.45
70.5199999999987,33.54
70.53999999999871,40.92
70.55999999999871,37.19
70.5799999999987,33.02
70.59999999999872,36.3
70.61999999999871,23.83
70.63999999999871,32.56
70.6599999999987,20.75
70.6799999999987,36.57
70.69999999999871,23.39
70.7199999999987,34.26
70.7399999999987,28.46
70.75999999999871,42.31
70.77999999999871,27.02
70.7999999999987,30.76
70.8199999999987,38.85
70.8399999999987,33.86
70.8599999999987,32.92
70.8799999999987,31.17
70.8999999999987,32.47
70.91999999999871,29.09
70.9399999999987,31.43
70.9599999999987,31.92
70.9799999999987,35.02
70.99999999999869,32.42
71.0199999999987,35.49
71.0399999999987,26.16
71.0599999999987,37.75
71.0799999999987,33.94
71.0999999999987,38.67
71.1199999999987,34.24
71.1399999999987,31.71
71.15999999999869,32.68
71.1799999999987,27.5
71.1999999999987,31.22
71.21999999999869,32.87
71.2399999999987,32.66
71.2599999999987,25.58
71.2799999999987,34.09
71.29999999999869,28.12
71.31999999999869,31.27
71.3399999999987,35.54
71.35999999999869,29.31
71.37999999999869,31.64
71.3999999999987,30.38
71.4199999999987,34.3
71.43999999999869,27.54
71.45999999999869,25.94
71.47999999999868,23.85
71.49999999999869,40.85
71.51999999999869,34.86
71.53999999999868,38.63
71.5599999999987,30.66
71.57999999999869,36.65
71.59999999999869,30.38
71.61999999999868,27.11
71.63999999999868,35.55
71.65999999999869,30.99
71.67999999999869,33.21
71.69999999999868,33.85
71.71999999999869,34.54
71.73999999999869,31.32
71.75999999999868,22.94
71.77999999999868,27.43
71.79999999999868,34.44
71.81999999999869,39.97
71.83999999999868,32.04
71.85999999999868,37.71
71.87999999999869,22.68
71.89999999999868,38.15
71.91999999999868,27.65
71.93999999999868,28.14
71.95999999999867,31.0
71.97999999999868,33.38
71.99999999999868,27.41
72.01999999999867,36.19
72.03999999999868,26.44
72.05999999999868,32.75
72.07999999999868,28.67
72.09999999999867,33.06
72.11999999999867,24.14
72.13999999999868,28.3
72.15999999999867,27.22
72.17999999999867,35.86
72.19999999999868,23.26
72.21999999999868,39.15
72.23999999999867,30.17
72.25999999999867,32.99
72.27999999999867,22.04
72.29999999999868,29.04
72.31999999999867,35.58
72.33999999999867,38.24
72.35999999999868,28.27
72.37999999999867,36.77
72.39999999999867,32.94
72.41999999999867,34.81
72.43999999999866,31.39
72.45999999999867,38.31
72.47999999999867,25.42
72.49999999999866,34.82
72.51999999999867,38.4
72.53999999999867,35.33
72.55999999999867,31.11
72.57999999999866,34.33
72.59999999999866,33.31
72.61999999999867,31.16
72.63999999999866,36.54
72.65999999999866,37.64
72.67999999999867,26.83
72.69999999999867,39.7
72.71999999999866,32.48
72.73999999999866,31.59
72.75999999999866,35.98
72.77999999999867,29.21
72.79999999999866,34.15
72.81999999999866,30.97
72.83999999999867,32.14
72.85999999999866,33.84
72.87999999999866,32.37
72.89999999999866,30.98
72.91999999999865,37.11
72.93999999999866,34.59
72.95999999999866,34.29
72.97999999999865,35.84
72.99999999999866,23.94
73.01999999999866,35.94
73.03999999999866,41.53
73.05999999999865,28.17
73.07999999999865,42.38
73.09999999999866,25.15
73.11999999999865,29.52
73.13999999999865,35.01
73.15999999999866,29.93
73.17999999999866,28.76
73.19999999999865,32.93
73.21999999999865,34.07
73.23999999999864,35.82
73.25999999999866,31.24
73.27999999999865,24.21
73.29999999999865,34.62
73.31999999999866,37.51
73.33999999999865,30.49
73.35999999999865,35.48
73.37999999999865,26.89
73.39999999999864,29.45
73.41999999999865,27.6
73.43999999999865,32.73
73.45999999999864,27.66
73.47999999999865,38.97
73.49999999999865,34.4
73.51999999999865,32.53
73.53999999999864,35.22
73.55999999999864,37.47
73.57999999999865,33.91
73.59999999999864,29.01
73.61999999999864,32.71
73.63999999999865,30.62
73.65999999999865,34.52
73.67999999999864,30.82
73.69999999999864,32.65
73.71999999999863,36.57
73.73999999999864,29.18
73.75999999999864,31.79
73.77999999999864,31.44
73.79999999999865,29.94
73.81999999999864,42.62
73.83999999999864,37.06
73.85999999999864,29.75
73.87999999999863,29.82
73.89999999999864,33.76
73.91999999999864,37.46
73.93999999999863,31.98
73.95999999999864,35.81
73.97999999999864,25.41
73.99999999999864,34.02
74.01999999999863,37.7
74.03999999999863,33.05
74.05999999999864,29.86
74.07999999999863,36.85
74.09999999999863,28.48
74.11999999999864,31.28
74.13999999999864,34.87
74.15999999999863,28.78
74.17999999999863,43.02
74.19999999999862,31.66
74.21999999999863,24.37
74.23999999999863,36.84
74.25999999999863,33.88
74.27999999999864,32.28
74.29999999999863,34.4
74.31999999999863,35.0
74.33999999999862,32.03
74.35999999999862,35.21
74.37999999999863,34.03
74.39999999999863,36.28
74.41999999999862,30.54
74.43999999999863,30.94
74.45999999999863,34.99
74.47999999999863,35.28
74.49999999999862,32.39
74.51999999999862,32.87
74.53999999999863,36.3
74.55999999999862,29.08
74.57999999999862,27.68
74.59999999999863,35.66
74.61999999999863,34.03
74.63999999999862,29.67
74.65999999999862,31.34
74.67999999999861,29.45
74.69999999999862,30.4
74.71999999999862,37.78
74.73999999999862,32.69
74.75999999999863,28.04
74.77999999999862,34.59
74.79999999999862,34.6
74.81999999999861,32.24
74.83999999999861,32.21
74.85999999999862,34.51
74.87999999999862,35.57
74.89999999999861,32.1
74.91999999999862,30.24
74.93999999999862,31.59
74.95999999999862,36.42
74.97999999999861,35.59
74.99999999999861,30.82
75.01999999999862,43.87
75.03999999999861,42.55
75.05999999999861,28.3
75.07999999999862,36.63
75.09999999999862,28.52
75.11999999999861,32.69
75.13999999999861,38.73
75.1599999999986,35.61
75.17999999999861,27.74
75.19999999999861,34.59
75.2199999999986,22.71
75.23999999999862,26.18
75.25999999999861,32.67
75.27999999999861,29.23
75.2999999999986,38.84
75.3199999999986,33.07
75.33999999999861,37.64
75.3599999999986,33.01
75.3799999999986,33.22
75.39999999999861,33.23
75.41999999999861,40.41
75.4399999999986,39.01
75.4599999999986,28.07
75.4799999999986,31.51
75.49999999999861,39.29
75.5199999999986,26.53
75.5399999999986,39.91
75.55999999999861,35.09
75.5799999999986,28.48
75.5999999999986,23.67
75.6199999999986,32.8
75.6399999999986,39.54
75.6599999999986,33.5
75.6799999999986,34.79
75.6999999999986,34.52
75.7199999999986,31.59
75.7399999999986,34.16
75.7599999999986,30.07
75.7799999999986,30.29
75.79999999999859,28.89
75.8199999999986,31.09
75.8399999999986,31.09
75.85999999999859,33.33
75.8799999999986,31.21
75.8999999999986,25.96
75.9199999999986,28.17
75.93999999999859,31.52
75.95999999999859,34.71
75.9799999999986,31.44
75.9999999999986,34.16
76.01999999999859,26.45
76.0399999999986,37.38
76.0599999999986,30.81
76.07999999999859,29.52
76.09999999999859,33.12
76.11999999999858,35.27
76.1399999999986,33.66
76.15999999999859,39.39
76.17999999999859,33.75
76.1999999999986,47.39
76.21999999999859,62.31
76.23999999999859,76.92
76.25999999999858,95.39
76.27999999999858,123.92
76.29999999999859,158.0
76.31999999999859,173.44
76.33999999999858,200.34
76.35999999999859,211.61
76.37999999999859,213.9
76.39999999999858,194.73
76.41999999999858,184.38
76.43999999999858,154.47
76.45999999999859,131.91
76.47999999999858,96.87
76.49999999999858,72.62
76.51999999999859,51.7
76.53999999999859,45.94
76.55999999999858,35.77
76.57999999999858,28.74
76.59999999999857,31.14
76.61999999999858,32.47
76.63999999999858,32.35
76.65999999999858,43.14
76.67999999999859,38.95
76.69999999999858,33.47
76.71999999999858,35.56
76.73999999999857,31.17
76.75999999999857,31.02
76.77999999999858,34.67
76.79999999999858,32.23
76.81999999999857,39.09
76.83999999999858,35.69
76.85999999999858,28.55
76.87999999999857,26.73
76.89999999999857,33.33
76.91999999999857,37.51
76.93999999999858,28.51
76.95999999999857,28.98
76.97999999999857,42.31
76.99999999999858,32.82
77.01999999999857,31.38
77.03999999999857,42.66
77.05999999999857,31.53
77.07999999999856,28.19
77.09999999999857,33.04
77.11999999999857,27.72
77.13999999999857,26.37
77.15999999999858,36.58
77.17999999999857,30.49
77.19999999999857,34.68
77.21999999999856,28.29
77.23999999999856,31.76
77.25999999999857,27.81
77.27999999999857,28.95
77.29999999999856,39.74
77.31999999999857,35.73
77.33999999999857,35.46
77.35999999999856,32.65
77.37999999999856,31.35
77.39999999999856,32.64
77.41999999999857,31.02
77.43999999999856,34.81
77.45999999999856,32.37
77.47999999999857,33.54
77.49999999999856,43.46
77.51999999999856,32.74
77.53999999999856,28.41
77.55999999999855,39.13
77.57999999999856,28.64
77.59999999999856,28.62
77.61999999999856,40.01
77.63999999999857,34.55
77.65999999999856,28.73
77.67999999999856,33.17
77.69999999999855,38.44
77.71999999999855,29.16
77.73999999999856,33.64
77.75999999999856,42.56
77.77999999999855,32.27
77.79999999999856,26.11
77.81999999999856,31.27
77.83999999999855,31.67
77.85999999999855,30.71
77.87999999999855,39.8
77.89999999999856,33.64
77.91999999999855,32.96
77.93999999999855,35.04
77.95999999999856,33.44
77.97999999999855,25.09
77.99999999999855,35.53
78.01999999999855,35.02
78.03999999999854,34.38
78.05999999999855,35.77
78.07999999999855,37.29
78.09999999999854,38.38
78.11999999999856,26.43
78.13999999999855,29.79
78.15999999999855,28.75
78.17999999999854,31.0
78.19999999999854,34.29
78.21999999999855,25.68
78.23999999999855,35.5
78.25999999999854,26.77
78.27999999999855,28.85
78.29999999999855,27.95
78.31999999999854,30.86
78.33999999999854,34.12
78.35999999999854,24.61
78.37999999999855,39.08
78.39999999999854,28.98
78.41999999999854,41.5
78.43999999999855,26.69
78.45999999999854,36.3
78.47999999999854,35.13
78.49999999999854,31.92
78.51999999999853,27.12
78.53999999999854,30.98
78.55999999999854,38.01
78.57999999999853,36.29
78.59999999999854,36.3
78.61999999999854,38.83
78.63999999999854,34.81
78.65999999999853,32.62
78.67999999999853,36.36
78.69999999999854,35.66
78.71999999999854,38.38
78.73999999999853,34.78
78.75999999999854,35.32
78.77999999999854,36.93
78.79999999999853,32.88
78.81999999999853,28.54
78.83999999999853,32.74
78.85999999999854,33.28
78.87999999999853,37.4
78.89999999999853,35.5
78.91999999999854,30.89
78.93999999999853,33.82
78.95999999999853,31.7
78.97999999999853,30.92
78.99999999999852,36.16
79.01999999999853,28.72
79.03999999999853,37.16
79.05999999999852,31.53
79.07999999999853,34.64
79.09999999999853,31.31
79.11999999999853,30.26
79.13999999999852,30.39
79.15999999999852,36.3
79.17999999999853,26.13
79.19999999999852,33.39
79.21999999999852,30.35
79.23999999999853,30.9
79.25999999999853,40.22
79.27999999999852,30.12
79.29999999999852,29.98
79.31999999999852,26.74
79.33999999999853,25.45
79.35999999999852,31.97
79.37999999999852,30.2
79.39999999999853,35.7
79.41999999999852,33.75
79.43999999999852,29.3
79.45999999999852,38.82
79.47999999999851,37.35
79.49999999999852,33.03
79.51999999999852,36.09
79.53999999999851,39.81
79.55999999999852,34.53
79.57999999999852,30.77
79.59999999999852,33.43
79.61999999999851,33.66
79.63999999999851,34.07
79.65999999999852,37.55
79.67999999999851,34.24
79.69999999999851,26.36
79.71999999999852,29.77
79.73999999999852,28.71
79.75999999999851,34.39
79.77999999999851,31.9
79.7999999999985,34.39
79.81999999999852,31.0
79.83999999999851,30.07
79.85999999999851,37.06
79.87999999999852,34.6
79.89999999999851,32.03
79.91999999999851,26.34
79.9399999999985,27.85
79.9599999999985,28.26
79.97999999999851,32.75
79.99999999999851,29.17
80.0199999999985,37.28
80.03999999999851,35.97
80.05999999999851,32.35
80.0799999999985,29.6
80.0999999999985,31.0
80.1199999999985,34.18
80.13999999999851,33.1
80.1599999999985,32.17
80.1799999999985,37.71
80.19999999999851,31.62
80.2199999999985,32.47
80.2399999999985,35.24
80.2599999999985,34.11
80.2799999999985,37.35
80.2999999999985,31.06
80.3199999999985,29.92
80.3399999999985,35.67
80.35999999999851,33.55
80.3799999999985,36.21
80.3999999999985,35.93
80.4199999999985,35.87
80.43999999999849,29.14
80.4599999999985,32.66
80.4799999999985,30.89
80.4999999999985,31.18
80.5199999999985,33.55
80.5399999999985,39.12
80.5599999999985,41.41
80.57999999999849,29.77
80.59999999999849,32.9
80.6199999999985,29.84
80.6399999999985,29.94
80.65999999999849,31.98
80.6799999999985,26.58
80.6999999999985,34.51
80.71999999999849,28.56
80.73999999999849,32.37
80.75999999999848,29.88
80.7799999999985,35.8
80.79999999999849,36.28
80.81999999999849,35.5
80.8399999999985,32.84
80.8599999999985,26.65
80.87999999999849,28.85
80.89999999999849,34.86
80.91999999999848,30.65
80.93999999999849,31.81
80.95999999999849,35.15
80.97999999999848,41.55
80.9999999999985,30.12
81.01999999999849,34.83
81.03999999999849,30.82
81.05999999999848,28.6
81.07999999999848,31.73
81.09999999999849,32.1
81.11999999999848,31.37
81.13999999999848,35.15
81.15999999999849,31.96
81.17999999999849,24.87
81.19999999999848,35.23
81.21999999999848,35.04
81.23999999999847,27.38
81.25999999999848,30.42
81.27999999999848,31.2
81.29999999999848,35.84
81.31999999999849,32.13
81.33999999999848,36.94
81.35999999999848,30.11
81.37999999999847,36.55
81.39999999999847,33.15
81.41999999999848,31.66
81.43999999999848,36.48
81.45999999999847,36.33
81.47999999999848,35.45
81.49999999999848,32.64
81.51999999999848,37.34
81.53999999999847,37.93
81.55999999999847,31.91
81.57999999999848,33.59
81.59999999999847,27.09
81.61999999999847,30.43
81.63999999999848,37.06
81.65999999999848,29.34
81.67999999999847,34.5
81.69999999999847,33.02
81.71999999999846,39.75
81.73999999999847,33.73
81.75999999999847,25.67
81.77999999999847,31.49
81.79999999999848,34.87
81.81999999999847,35.61
81.83999999999847,35.04
81.85999999999846,38.27
81.87999999999846,34.2
81.89999999999847,25.62
81.91999999999847,30.63
81.93999999999846,34.04
81.95999999999847,30.46
81.97999999999847,34.59
81.99999999999847,34.33
82.01999999999846,39.65
82.03999999999846,30.38
82.05999999999847,28.4
82.07999999999846,28.19
82.09999999999846,31.31
82.11999999999847,35.21
82.13999999999847,32.59
82.15999999999846,30.46
82.17999999999846,28.78
82.19999999999845,32.28
82.21999999999846,35.7
82.23999999999846,37.69
82.25999999999846,38.22
82.27999999999847,36.07
82.29999999999846,34.45
82.31999999999846,30.74
82.33999999999845,34.48
82.35999999999845,39.17
82.37999999999846,33.67
82.39999999999846,36.22
82.41999999999845,33.25
82.43999999999846,35.14
82.45999999999846,29.54
82.47999999999845,28.12
82.49999999999845,29.32
82.51999999999845,25.46
82.53999999999846,36.69
82.55999999999845,42.79
82.57999999999845,32.42
82.59999999999846,30.08
82.61999999999846,34.68
82.63999999999845,39.64
82.65999999999845,33.63
82.67999999999844,38.4
82.69999999999845,33.23
82.71999999999845,34.2
82.73999999999845,27.21
82.75999999999846,34.67
82.77999999999845,29.56
82.79999999999845,29.09
82.81999999999844,27.02
82.83999999999844,35.69
82.85999999999845,42.43
82.87999999999845,30.4
82.89999999999844,32.21
82.91999999999845,31.85
82.93999999999845,35.06
82.95999999999844,37.23
82.97999999999844,33.15
82.99999999999844,31.7
83.01999999999845,26.11
83.03999999999844,35.83
83.05999999999844,33.62
83.07999999999845,26.08
83.09999999999845,28.61
83.11999999999844,29.37
83.13999999999844,31.53
83.15999999999843,29.73
83.17999999999844,36.43
83.19999999999844,29.51
83.21999999999844,31.3
83.23999999999845,29.14
83.25999999999844,36.09
83.27999999999844,31.6
83.29999999999843,33.35
83.31999999999843,35.54
83.33999999999844,33.29
83.35999999999844,32.77
83.37999999999843,36.35
83.39999999999844,34.84
83.41999999999844,33.81
83.43999999999843,31.8
83.45999999999843,34.0
83.47999999999843,30.47
83.49999999999844,39.33
83.51999999999843,34.49
83.53999999999843,35.16
83.55999999999844,30.79
83.57999999999844,32.47
83.59999999999843,36.12
83.61999999999843,25.57
83.63999999999842,32.28
83.65999999999843,30.8
83.67999999999843,28.83
83.69999999999843,36.09
83.71999999999844,30.3
83.73999999999843,29.22
83.75999999999843,37.38
83.77999999999842,25.86
83.79999999999842,37.51
83.81999999999843,37.65
83.83999999999843,25.21
83.85999999999842,32.47
83.87999999999843,34.54
83.89999999999843,37.46
83.91999999999842,31.27
83.93999999999842,32.73
83.95999999999842,36.37
83.97999999999843,29.79
83.99999999999842,35.73
84.01999999999842,37.82
84.03999999999843,29.21
84.05999999999842,34.6
84.07999999999842,33.72
84.09999999999842,29.21
84.11999999999841,34.02
84.13999999999842,32.38
84.15999999999842,30.24
84.17999999999842,31.97
84.19999999999843,29.51
84.21999999999842,35.01
84.23999999999842,35.06
84.25999999999841,36.45
84.27999999999841,33.83
84.29999999999842,34.27
84.31999999999842,31.2
84.33999999999841,36.04
84.35999999999842,30.94
84.37999999999842,35.7
84.39999999999841,31.61
84.41999999999841,30.34
84.4399999999984,35.0
84.45999999999842,39.98
84.47999999999841,36.87
84.49999999999841,31.65
84.51999999999842,27.89
84.53999999999841,27.44
84.55999999999841,34.58
84.5799999999984,34.11
84.5999999999984,25.74
84.61999999999841,32.83
84.63999999999841,37.77
84.6599999999984,33.36
84.67999999999842,33.34
84.69999999999841,28.83
84.71999999999841,36.23
84.7399999999984,30.65
84.7599999999984,31.19
84.77999999999841,38.06
84.7999999999984,29.43
84.8199999999984,32.67
84.83999999999841,33.44
84.85999999999841,35.03
84.8799999999984,39.64
84.8999999999984,33.42
84.9199999999984,35.58
84.9399999999984,33.12
84.9599999999984,26.8
84.9799999999984,37.95
84.99999999999841,36.43
85.0199999999984,38.31
85.0399999999984,29.3
85.0599999999984,34.07
85.07999999999839,41.11
85.0999999999984,42.33
85.1199999999984,33.81
85.1399999999984,34.7
85.1599999999984,29.68
85.1799999999984,32.69
85.1999999999984,30.46
85.2199999999984,37.71
85.23999999999839,31.91
85.2599999999984,33.16
85.2799999999984,36.71
85.29999999999839,33.0
85.3199999999984,37.69
85.3399999999984,32.86
85.3599999999984,36.53
85.37999999999839,29.49
85.39999999999839,33.47
85.4199999999984,27.64
85.43999999999839,30.09
85.45999999999839,30.59
85.4799999999984,41.28
85.4999999999984,29.32
85.51999999999839,41.3
85.53999999999839,36.2
85.55999999999838,35.4
85.57999999999839,30.64
85.59999999999839,36.82
85.61999999999838,41.11
85.6399999999984,37.48
85.65999999999839,35.16
85.67999999999839,33.87
85.69999999999838,36.33
85.71999999999838,34.21
85.73999999999839,32.74
85.75999999999839,37.06
85.77999999999838,32.25
85.79999999999839,37.13
85.81999999999839,42.0
85.83999999999838,37.42
85.85999999999838,31.66
85.87999999999838,32.84
85.89999999999839,37.83
85.91999999999838,30.3
85.93999999999838,41.07
85.95999999999839,32.82
85.97999999999838,34.15
85.99999999999838,35.29
86.01999999999838,46.63
86.03999999999837,33.25
86.05999999999838,31.32
86.07999999999838,31.99
86.09999999999837,36.24
86.11999999999838,40.4
86.13999999999838,29.55
86.15999999999838,32.21
86.17999999999837,32.74
86.19999999999837,32.08
86.21999999999838,39.63
86.23999999999837,37.17
86.25999999999837,39.29
86.27999999999838,31.71
86.29999999999838,29.24
86.31999999999837,33.43
86.33999999999837,30.64
86.35999999999837,34.5
86.37999999999838,37.88
86.39999999999837,24.89
86.41999999999837,36.6
86.43999999999838,42.21
86.45999999999837,28.74
86.47999999999837,34.93
86.49999999999837,28.94
86.51999999999836,30.16
86.53999999999837,34.11
86.55999999999837,40.95
86.57999999999836,40.09
86.59999999999837,34.12
86.61999999999837,37.77
86.63999999999837,22.6
86.65999999999836,32.26
86.67999999999836,32.66
86.69999999999837,35.96
86.71999999999836,30.54
86.73999999999836,30.13
86.75999999999837,29.98
86.77999999999837,35.96
86.79999999999836,35.18
86.81999999999836,32.22
86.83999999999835,37.43
86.85999999999837,33.12
86.87999999999836,31.18
86.89999999999836,30.91
86.91999999999837,25.32
86.93999999999836,34.35
86.95999999999836,36.47
86.97999999999836,35.69
86.99999999999835,44.34
87.01999999999836,32.29
87.03999999999836,28.54
87.05999999999835,40.86
87.07999999999836,39.97
87.09999999999836,30.57
87.11999999999836,33.48
87.13999999999835,31.75
87.15999999999835,35.88
87.17999999999836,32.37
87.19999999999835,36.8
87.21999999999835,37.66
87.23999999999836,41.66
87.25999999999836,32.08
87.27999999999835,36.83
87.29999999999835,37.9
87.31999999999834,34.7
87.33999999999835,40.23
87.35999999999835,35.51
87.37999999999835,34.31
87.39999999999836,42.25
87.41999999999835,30.66
87.43999999999835,38.52
87.45999999999835,30.81
87.47999999999834,36.14
87.49999999999835,37.02
87.51999999999835,37.58
87.53999999999834,39.57
87.55999999999835,31.1
87.57999999999835,28.77
87.59999999999835,34.61
87.61999999999834,35.07
87.63999999999834,33.45
87.65999999999835,43.76
87.67999999999834,34.33
87.69999999999834,28.77
87.71999999999835,31.19
87.73999999999835,36.29
87.75999999999834,34.75
87.77999999999834,41.29
87.79999999999833,42.71
87.81999999999834,47.34
87.83999999999834,54.43
87.85999999999834,65.39
87.87999999999835,77.46
87.89999999999834,105.12
87.91999999999834,129.08
87.93999999999834,150.78
87.95999999999833,185.11
87.97999999999834,214.55
87.99999999999834,236.9
88.01999999999833,244.27
88.03999999999834,245.82
88.05999999999834,223.31
88.07999999999834,209.39
88.09999999999833,183.36
88.11999999999833,149.52
88.13999999999834,124.57
88.15999999999833,97.85
88.17999999999833,73.31
88.19999999999834,64.4
88.21999999999834,48.37
88.23999999999833,42.14
88.25999999999833,43.07
88.27999999999832,34.0
88.29999999999833,40.77
88.31999999999833,36.33
88.33999999999833,30.77
88.35999999999834,28.14
88.37999999999833,34.21
88.39999999999833,30.93
88.41999999999832,29.13
88.43999999999832,28.76
88.45999999999833,31.77
88.47999999999833,31.94
88.49999999999832,34.5
88.51999999999833,28.85
88.53999999999833,31.74
88.55999999999833,31.36
88.57999999999832,30.84
88.59999999999832,39.07
88.61999999999833,34.95
88.63999999999832,42.45
88.65999999999832,37.03
88.67999999999833,35.35
88.69999999999833,38.89
88.71999999999832,38.56
88.73999999999832,27.39
88.75999999999831,30.66
88.77999999999832,32.98
88.79999999999832,35.02
88.81999999999832,35.01
88.83999999999833,27.71
88.85999999999832,35.4
88.87999999999832,35.68
88.89999999999831,30.29
88.91999999999831,29.22
88.93999999999832,36.18
88.95999999999832,32.13
88.97999999999831,37.3
88.99999999999832,37.95
89.01999999999832,35.41
89.03999999999832,28.17
89.05999999999831,30.34
89.07999999999831,26.59
89.09999999999832,31.87
89.11999999999831,30.35
89.13999999999831,40.17
89.15999999999832,36.5
89.17999999999832,32.92
89.19999999999831,29.04
89.21999999999831,41.14
89.2399999999983,30.42
89.25999999999831,25.86
89.27999999999831,30.92
89.2999999999983,28.17
89.31999999999832,37.2
89.33999999999831,29.83
89.35999999999831,35.99
89.3799999999983,39.96
89.3999999999983,30.26
89.41999999999831,33.47
89.4399999999983,41.58
89.4599999999983,32.87
89.47999999999831,32.92
89.49999999999831,32.7
89.5199999999983,30.95
89.5399999999983,30.78
89.5599999999983,38.14
89.57999999999831,38.92
89.5999999999983,30.35
89.6199999999983,41.99
89.63999999999831,40.56
89.6599999999983,32.73
89.6799999999983,27.35
89.6999999999983,29.88
89.7199999999983,33.16
89.7399999999983,33.01
89.7599999999983,40.85
89.7799999999983,28.87
89.7999999999983,33.52
89.8199999999983,33.21
89.8399999999983,37.27
89.8599999999983,33.05
89.87999999999829,32.87
89.8999999999983,33.91
89.9199999999983,32.14
89.93999999999829,36.2
89.9599999999983,36.2
89.9799999999983,30.52
